Date	App Name	App Apple Identifier	Event	Page Type	Source Type	Engagement Type	Device	Platform Version	Territory	Counts	Unique Counts
2026-09-15	FLIM: Disposable Camera	6786079629	Tap	Product page	App Store browse	Get	iPhone	iOS 26.6	US	1	1
2026-09-15	FLIM: Disposable Camera	6786079629	Impression	No page	App Store search		iPhone	iOS 17.5	US	1	1
2026-09-15	FLIM: Disposable Camera	6786079629	Impression	No page	App Store browse		iPhone	iOS 26.6	US	3	1
2026-09-15	FLIM: Disposable Camera	6786079629	Tap	Store sheet	App Store browse	Get	iPhone	iOS 26.6	US	1	1
2026-09-14	FLIM: Disposable Camera	6786079629	Impression	No page	App Store search		iPhone	iOS 26.5	US	2	2
2026-09-14	FLIM: Disposable Camera	6786079629	Page view	Product page	App Store search		iPhone	iOS 26.5	US	1	1
2026-09-15	FLIM: Disposable Camera	6786079629	Impression	No page	App Store search		iPad	iOS 18.7	US	1	1
2026-09-13	FLIM: Disposable Camera	6786079629	Impression	No page	App Store search		iPhone	iOS 27.0	US	1	1
2026-09-15	FLIM: Disposable Camera	6786079629	Page view	Product page	App referrer		iPhone	iOS 26.6	US	1	1
2026-09-15	FLIM: Disposable Camera	6786079629	Impression	No page	App Store search		iPhone	iOS 26.6	US	5	5
2026-09-15	FLIM: Disposable Camera	6786079629	Page view	Product page	App Store browse		iPhone	iOS 26.6	US	2	1
2026-09-15	FLIM: Disposable Camera	6786079629	Impression	No page	App Store search		iPhone	iOS 26.5	US	1	1
2026-09-14	FLIM: Disposable Camera	6786079629	Impression	No page	App Store search		iPhone	iOS 18.5	US	1	1
2026-09-14	FLIM: Disposable Camera	6786079629	Impression	No page	App Store search		iPhone	iOS 27.0	US	1	1
2026-09-15	FLIM: Disposable Camera	6786079629	Impression	No page	App Store search		iPhone	iOS 27.0	US	1	1
2026-09-15	FLIM: Disposable Camera	6786079629	Impression	No page	App Store search		iPhone	iOS 18.7	US	1	1
2026-09-14	FLIM: Disposable Camera	6786079629	Tap	Product page	App Store browse	Get	iPhone	iOS 26.5	US	1	1
2026-09-14	FLIM: Disposable Camera	6786079629	Impression	No page	App Store search		iPhone	iOS 18.3	US	1	1
2026-09-13	FLIM: Disposable Camera	6786079629	Impression	No page	App Store search		iPhone	iOS 26.6	US	8	8
2026-09-15	FLIM: Disposable Camera	6786079629	Page view	Store sheet	App referrer		iPhone	iOS 26.6	US	1	1
2026-09-14	FLIM: Disposable Camera	6786079629	Impression	No page	App Store search		iPad	iOS 26.6	US	1	1
2026-09-13	FLIM: Disposable Camera	6786079629	Page view	Product page	App Store search		iPhone	iOS 27.0	US	1	1
2026-09-15	FLIM: Disposable Camera	6786079629	Impression	No page	App Store search		iPad	iOS 26.6	US	1	1
2026-09-14	FLIM: Disposable Camera	6786079629	Impression	No page	App Store search		iPhone	iOS 26.6	US	16	10
2026-09-15	FLIM: Disposable Camera	6786079629	Impression	No page	App Store search		iPhone	iOS 18.6	US	1	1
2026-09-13	FLIM: Disposable Camera	6786079629	Impression	No page	App Store search		iPad	iOS 26.6	US	3	2
2026-09-13	FLIM: Disposable Camera	6786079629	Impression	No page	App Store search		iPad	iOS 26.5	US	1	1
2026-09-14	FLIM: Disposable Camera	6786079629	Impression	No page	App Store search		iPad	iOS 26.5	US	2	1
2026-09-15	FLIM: Disposable Camera	6786079629	Impression	No page	App Store search		iPhone	iOS 15.8	US	1	1
2026-09-16	FLIM: Disposable Camera	6786079629	Page view	Product page	App referrer		iPhone	iOS 26.6	US	6	6
2026-09-16	FLIM: Disposable Camera	6786079629	Impression	No page	App Store search		iPhone	iOS 26.6	US	6	6
2026-09-16	FLIM: Disposable Camera	6786079629	Impression	No page	App Store search		iPad	iOS 26.6	US	2	2
2026-09-16	FLIM: Disposable Camera	6786079629	Impression	No page	App Store search		iPhone	iOS 16.7	US	1	1
2026-09-16	FLIM: Disposable Camera	6786079629	Impression	No page	App Store browse		iPhone	iOS 27.0	US	6	4
2026-09-16	FLIM: Disposable Camera	6786079629	Impression	No page	App Store search		iPhone	iOS 27.0	US	1	1
2026-09-16	FLIM: Disposable Camera	6786079629	Impression	No page	App Store search		iPhone	iOS 26.5	US	6	2
2026-09-16	FLIM: Disposable Camera	6786079629	Tap	No page	App Store browse	Open	iPhone	iOS 26.6	US	1	1
2026-09-16	FLIM: Disposable Camera	6786079629	Page view	Product page	App referrer		iPhone	iOS 26.5	US	1	1
2026-09-16	FLIM: Disposable Camera	6786079629	Page view	Product page	App referrer		iPhone	iOS 27.0	US	1	1
2026-09-16	FLIM: Disposable Camera	6786079629	Impression	No page	App Store search		iPad	iOS 16.7	US	2	1
2026-09-16	FLIM: Disposable Camera	6786079629	Impression	No page	App Store search		iPhone	iOS 18.7	US	6	4
2026-09-16	FLIM: Disposable Camera	6786079629	Impression	No page	App Store search		iPad	iOS 18.7	US	1	1
2026-09-16	FLIM: Disposable Camera	6786079629	Impression	No page	App Store search		iPad	iOS 26.7	US	1	1
2026-09-16	FLIM: Disposable Camera	6786079629	Tap	Product page	App Store browse	Open	iPhone	iOS 27.0	US	1	1
2026-09-16	FLIM: Disposable Camera	6786079629	Tap	Product page	App Store browse	Open	iPhone	iOS 26.6	US	4	4
2026-09-16	FLIM: Disposable Camera	6786079629	Tap	No page	App Store browse	Update	iPhone	iOS 26.6	US	1	1
2026-09-16	FLIM: Disposable Camera	6786079629	Tap	No page	App Store browse	Update	iPhone	iOS 26.5	US	1	1
2026-09-16	FLIM: Disposable Camera	6786079629	Tap	Product page	App Store browse	Update	iPhone	iOS 26.6	US	5	5
2026-09-16	FLIM: Disposable Camera	6786079629	Impression	No page	App Store search		iPhone	iOS 26.2	US	1	1
2026-09-16	FLIM: Disposable Camera	6786079629	Tap	Product page	App Store browse	Update	iPhone	iOS 27.0	US	1	1
2026-09-16	FLIM: Disposable Camera	6786079629	Tap	No page	App Store browse	Open	iPhone	iOS 26.5	US	1	1
2026-09-17	FLIM: Disposable Camera	6786079629	Impression	No page	App Store search		iPad	iOS 26.6	US	1	1
2026-09-17	FLIM: Disposable Camera	6786079629	Impression	No page	App Store search		iPhone	iOS 15.8	US	2	2
2026-09-17	FLIM: Disposable Camera	6786079629	Impression	No page	App Store search		iPad	iOS 17.7	US	2	1
2026-09-17	FLIM: Disposable Camera	6786079629	Impression	No page	App Store search		iPhone	iOS 26.5	US	3	3
2026-09-17	FLIM: Disposable Camera	6786079629	Tap	No page	Unavailable	Get	iPhone	iOS 27.0	US	1	1
2026-09-17	FLIM: Disposable Camera	6786079629	Tap	Product page	App Store browse	Share	iPhone	iOS 27.0	US	1	1
2026-09-17	FLIM: Disposable Camera	6786079629	Impression	No page	App Store search		iPhone	iOS 27.0	US	1	1
2026-09-17	FLIM: Disposable Camera	6786079629	Tap	Product page	App Store browse	Update	iPhone	iOS 26.6	US	1	1
2026-09-17	FLIM: Disposable Camera	6786079629	Impression	No page	App Store search		iPhone	iOS 18.7	US	1	1
2026-09-17	FLIM: Disposable Camera	6786079629	Impression	No page	App Store search		iPhone	iOS 26.6	US	11	10
2026-09-17	FLIM: Disposable Camera	6786079629	Page view	Product page	App Store search		iPhone	iOS 27.0	US	2	1
2026-09-17	FLIM: Disposable Camera	6786079629	Page view	Product page	App referrer		iPhone	iOS 26.5	US	1	1
2026-09-17	FLIM: Disposable Camera	6786079629	Impression	No page	App Store search		iPhone	iOS 15.1	US	1	1
2026-09-17	FLIM: Disposable Camera	6786079629	Tap	Product page	App Store browse	Open	iPhone	iOS 26.5	US	1	1
2026-09-17	FLIM: Disposable Camera	6786079629	Tap	Product page	App Store browse	Open	iPhone	iOS 26.6	US	1	1
2026-09-17	FLIM: Disposable Camera	6786079629	Page view	Product page	App Store search		iPad	iOS 17.7	US	1	1
2026-09-17	FLIM: Disposable Camera	6786079629	Page view	Product page	App referrer		iPhone	iOS 26.6	US	1	1
2026-09-17	FLIM: Disposable Camera	6786079629	Tap	Product page	App Store browse	Update	iPhone	iOS 26.5	US	1	1
2026-09-18	FLIM: Disposable Camera	6786079629	Impression	No page	App Store search		iPhone	iOS 26.5	US	2	2
2026-09-18	FLIM: Disposable Camera	6786079629	Impression	No page	App Store search		iPhone	iOS 26.6	US	6	5
2026-09-18	FLIM: Disposable Camera	6786079629	Page view	Store sheet	App referrer		iPhone	iOS 26.6	US	1	1
2026-09-18	FLIM: Disposable Camera	6786079629	Page view	Product page	App referrer		iPhone	iOS 26.5	US	1	1
2026-09-18	FLIM: Disposable Camera	6786079629	Impression	No page	App Store search		iPhone	iOS 18.7	US	1	1
2026-09-18	FLIM: Disposable Camera	6786079629	Page view	Product page	App Store search		iPhone	iOS 26.6	US	1	1
2026-09-18	FLIM: Disposable Camera	6786079629	Impression	No page	App Store search		iPad	iOS 27.0	US	1	1
2026-09-18	FLIM: Disposable Camera	6786079629	Tap	No page	App Store search	Open	iPhone	iOS 26.0	US	1	1
2026-09-18	FLIM: Disposable Camera	6786079629	Impression	No page	App Store search		iPhone	iOS 17.6	US	2	1
2026-09-18	FLIM: Disposable Camera	6786079629	Tap	Product page	App Store browse	Get	iPhone	iOS 26.0	US	1	1
2026-09-18	FLIM: Disposable Camera	6786079629	Impression	No page	App Store search		iPhone	iOS 26.7	US	1	1
2026-09-18	FLIM: Disposable Camera	6786079629	Impression	No page	App Store search		iPad	iOS 16.7	US	1	1
2026-09-18	FLIM: Disposable Camera	6786079629	Tap	Store sheet	App Store browse	Re-download	iPhone	iOS 27.0	US	1	1
2026-09-18	FLIM: Disposable Camera	6786079629	Page view	Product page	App Store search		iPhone	iOS 26.0	US	1	1
2026-09-18	FLIM: Disposable Camera	6786079629	Tap	Product page	App Store browse	Get	iPhone	iOS 26.5	US	1	1
2026-09-18	FLIM: Disposable Camera	6786079629	Page view	Store sheet	App referrer		iPhone	iOS 27.0	US	1	1
2026-09-18	FLIM: Disposable Camera	6786079629	Impression	No page	App Store search		iPhone	iOS 26.0	US	3	1
2026-09-18	FLIM: Disposable Camera	6786079629	Tap	Product page	App Store browse	Open	iPhone	iOS 26.5	US	1	1
2026-09-18	FLIM: Disposable Camera	6786079629	Page view	Store sheet	App referrer		iPhone	iOS 18.5	US	1	1
2026-09-19	FLIM: Disposable Camera	6786079629	Page view	Store sheet	App referrer		iPhone	iOS 26.5	US	2	2
2026-09-19	FLIM: Disposable Camera	6786079629	Impression	No page	App Store search		iPad	iOS 27.0	US	1	1
2026-09-19	FLIM: Disposable Camera	6786079629	Impression	No page	App Store search		iPhone	iOS 27.0	US	1	1
2026-09-19	FLIM: Disposable Camera	6786079629	Impression	No page	App Store search		iPad	iOS 18.7	US	1	1
2026-09-19	FLIM: Disposable Camera	6786079629	Page view	Store sheet	App referrer		iPhone	iOS 26.6	US	1	1
2026-09-19	FLIM: Disposable Camera	6786079629	Impression	No page	App Store search		iPhone	iOS 18.7	US	1	1
2026-09-19	FLIM: Disposable Camera	6786079629	Tap	Store sheet	App Store browse	Open	iPhone	iOS 26.5	US	1	1
2026-09-19	FLIM: Disposable Camera	6786079629	Impression	No page	App Store search		iPhone	iOS 26.2	US	1	1
2026-09-19	FLIM: Disposable Camera	6786079629	Impression	No page	App Store search		iPhone	iOS 26.6	US	13	12
2026-09-19	FLIM: Disposable Camera	6786079629	Tap	Store sheet	App Store browse	Get	iPhone	iOS 26.5	US	1	1
2026-09-19	FLIM: Disposable Camera	6786079629	Tap	Store sheet	App Store browse	Open	iPhone	iOS 26.6	US	1	1
2026-09-19	FLIM: Disposable Camera	6786079629	Tap	Store sheet	App Store browse	Get	iPhone	iOS 26.6	US	1	1
2026-09-20	FLIM: Disposable Camera	6786079629	Impression	No page	App Store search		iPad	iOS 26.6	US	2	1
2026-09-20	FLIM: Disposable Camera	6786079629	Impression	No page	App Store search		iPhone	iOS 15.8	US	1	1
2026-09-20	FLIM: Disposable Camera	6786079629	Impression	No page	App Store search		iPhone	iOS 18.1	US	1	1
2026-09-20	FLIM: Disposable Camera	6786079629	Tap	No page	Unavailable	Open	iPhone	iOS 26.6	US	1	1
2026-09-20	FLIM: Disposable Camera	6786079629	Tap	No page	App Store search	Open	iPhone	iOS 18.1	US	1	1
2026-09-20	FLIM: Disposable Camera	6786079629	Impression	No page	App Store search		iPhone	iOS 26.5	US	3	3
2026-09-20	FLIM: Disposable Camera	6786079629	Impression	No page	App Store search		iPhone	iOS 26.6	US	2	2
2026-09-20	FLIM: Disposable Camera	6786079629	Impression	No page	App Store search		iPhone	iOS 16.7	US	1	1
2026-09-20	FLIM: Disposable Camera	6786079629	Impression	No page	App Store search		iPhone	iOS 26.7	US	2	2
2026-09-20	FLIM: Disposable Camera	6786079629	Impression	No page	App Store search		iPhone	iOS 18.7	US	1	1
2026-09-20	FLIM: Disposable Camera	6786079629	Page view	Product page	App referrer		iPhone	iOS 26.6	US	2	1
2026-09-21	FLIM: Disposable Camera	6786079629	Impression	No page	App Store search		iPhone	iOS 26.5	US	1	1
2026-09-21	FLIM: Disposable Camera	6786079629	Impression	No page	App Store search		iPhone	iOS 26.6	US	5	4
2026-09-21	FLIM: Disposable Camera	6786079629	Impression	No page	App Store search		iPhone	iOS 18.7	US	3	2
2026-09-21	FLIM: Disposable Camera	6786079629	Impression	No page	App Store search		iPad	iOS 27.0	US	1	1
2026-09-22	FLIM: Disposable Camera	6786079629	Impression	No page	App Store search		iPhone	iOS 26.6	US	7	7
2026-09-22	FLIM: Disposable Camera	6786079629	Impression	No page	App Store search		iPad	iOS 26.6	US	1	1
2026-09-22	FLIM: Disposable Camera	6786079629	Impression	No page	App Store search		iPad	iOS 27.0	US	1	1
2026-09-22	FLIM: Disposable Camera	6786079629	Impression	No page	App Store search		iPhone	iOS 27.0	US	1	1
2026-09-22	FLIM: Disposable Camera	6786079629	Impression	No page	App Store search		iPhone	iOS 26.5	US	2	2
2026-09-23	FLIM: Disposable Camera	6786079629	Impression	No page	App Store search		iPhone	iOS 26.6	US	3	3
2026-09-23	FLIM: Disposable Camera	6786079629	Page view	Product page	App referrer		iPhone	iOS 26.6	US	1	1
2026-09-23	FLIM: Disposable Camera	6786079629	Impression	No page	App Store search		iPad	iOS 27.0	US	3	1
2026-09-23	FLIM: Disposable Camera	6786079629	Tap	Store sheet	App Store browse	Get	iPhone	iOS 26.5	US	1	1
2026-09-23	FLIM: Disposable Camera	6786079629	Impression	No page	App Store search		iPad	iOS 18.7	US	1	1
2026-09-23	FLIM: Disposable Camera	6786079629	Tap	No page	Unavailable	Update	iPhone	iOS 26.6	US	1	1
2026-09-23	FLIM: Disposable Camera	6786079629	Impression	No page	App Store search		iPhone	iOS 16.6	US	1	1
2026-09-23	FLIM: Disposable Camera	6786079629	Impression	No page	App Store search		iPhone	iOS 16.1	US	1	1
2026-09-23	FLIM: Disposable Camera	6786079629	Tap	Product page	App Store browse	Open	iPhone	iOS 26.6	US	1	1
2026-09-23	FLIM: Disposable Camera	6786079629	Page view	Product page	App referrer		iPhone	iOS 26.7	US	1	1
2026-09-23	FLIM: Disposable Camera	6786079629	Impression	No page	App Store search		iPhone	iOS 18.7	US	2	2
2026-09-23	FLIM: Disposable Camera	6786079629	Impression	No page	App Store search		iPad	iOS 26.6	US	3	3
2026-09-23	FLIM: Disposable Camera	6786079629	Impression	No page	App Store search		iPhone	iOS 26.5	US	3	2
2026-09-23	FLIM: Disposable Camera	6786079629	Impression	No page	App Store search		iPad	iOS 12.5	US	2	1
2026-09-23	FLIM: Disposable Camera	6786079629	Tap	Product page	App Store browse	Get	iPhone	iOS 26.7	US	1	1
2026-09-23	FLIM: Disposable Camera	6786079629	Page view	Product page	App Store search		iPad	iOS 12.5	US	2	1
2026-09-23	FLIM: Disposable Camera	6786079629	Impression	No page	App Store search		iPhone	iOS 16.7	US	1	1
2026-09-23	FLIM: Disposable Camera	6786079629	Page view	Product page	App Store search		iPhone	iOS 26.6	US	1	1
2026-09-23	FLIM: Disposable Camera	6786079629	Page view	Store sheet	App referrer		iPhone	iOS 26.5	US	1	1
2026-09-24	FLIM: Disposable Camera	6786079629	Tap	Store sheet	App Store browse	Update	iPhone	iOS 26.6	US	1	1
2026-09-24	FLIM: Disposable Camera	6786079629	Impression	No page	App Store search		iPad	iOS 27.0	US	1	1
2026-09-24	FLIM: Disposable Camera	6786079629	Page view	App version history	App Store browse		iPhone	iOS 26.6	US	1	1
2026-09-24	FLIM: Disposable Camera	6786079629	Page view	Store sheet	App referrer		iPhone	iOS 26.6	US	2	1
2026-09-24	FLIM: Disposable Camera	6786079629	Impression	No page	App Store search		iPhone	iOS 27.0	US	1	1
2026-09-24	FLIM: Disposable Camera	6786079629	Impression	No page	App Store search		iPhone	iOS 26.6	US	5	4
2026-09-24	FLIM: Disposable Camera	6786079629	Page view	Store sheet	App Store browse		iPhone	iOS 26.6	US	3	1
2026-09-24	FLIM: Disposable Camera	6786079629	Page view	App privacy	App Store browse		iPhone	iOS 26.6	US	1	1
2026-09-24	FLIM: Disposable Camera	6786079629	Impression	No page	App Store search		iPad	iOS 18.7	US	1	1
2026-09-24	FLIM: Disposable Camera	6786079629	Impression	No page	App Store browse		iPhone	iOS 26.6	US	2	1
2026-09-24	FLIM: Disposable Camera	6786079629	Page view	Developer page	App Store browse		iPhone	iOS 26.6	US	1	1
2026-09-25	FLIM: Disposable Camera	6786079629	Page view	Product page	App Store search		iPhone	iOS 27.0	US	2	1
2026-09-25	FLIM: Disposable Camera	6786079629	Impression	No page	App Store search		iPhone	iOS 27.0	US	3	3
2026-09-25	FLIM: Disposable Camera	6786079629	Tap	Product page	App Store browse	Open	iPhone	iOS 26.6	US	1	1
2026-09-25	FLIM: Disposable Camera	6786079629	Tap	Product page	App Store browse	Share	iPhone	iOS 27.0	US	1	1
2026-09-25	FLIM: Disposable Camera	6786079629	Page view	Product page	App referrer		iPhone	iOS 27.0	US	1	1
2026-09-25	FLIM: Disposable Camera	6786079629	Impression	No page	App Store search		iPad	iOS 18.5	US	1	1
2026-09-25	FLIM: Disposable Camera	6786079629	Tap	Product page	App Store browse	Open	iPhone	iOS 27.0	US	1	1
2026-09-25	FLIM: Disposable Camera	6786079629	Impression	No page	App Store search		iPhone	iOS 26.5	US	1	1
2026-09-25	FLIM: Disposable Camera	6786079629	Page view	Product page	App referrer		iPhone	iOS 26.6	US	1	1
2026-09-25	FLIM: Disposable Camera	6786079629	Tap	Product page	App Store browse	Update	iPhone	iOS 26.6	US	1	1
2026-09-25	FLIM: Disposable Camera	6786079629	Tap	Product page	App Store browse	Update	iPhone	iOS 27.0	US	1	1
2026-09-25	FLIM: Disposable Camera	6786079629	Impression	No page	App Store search		iPhone	iOS 26.6	US	5	5
2026-09-26	FLIM: Disposable Camera	6786079629	Impression	No page	App Store search		iPad	iOS 27.0	US	2	1
2026-09-26	FLIM: Disposable Camera	6786079629	Page view	Product page	App Store browse		iPhone	iOS 27.0	CN	4	1
2026-09-26	FLIM: Disposable Camera	6786079629	Impression	No page	App Store search		iPhone	iOS 26.5	US	1	1
2026-09-26	FLIM: Disposable Camera	6786079629	Impression	No page	App Store search		iPhone	iOS 17.6	US	1	1
2026-09-26	FLIM: Disposable Camera	6786079629	Page view	Product page	App Store search		iPad	iOS 26.6	US	1	1
2026-09-26	FLIM: Disposable Camera	6786079629	Impression	No page	App Store search		iPad	iOS 17.7	US	1	1
2026-09-26	FLIM: Disposable Camera	6786079629	Impression	No page	App Store search		iPad	iOS 27.2	US	1	1
2026-09-26	FLIM: Disposable Camera	6786079629	Impression	No page	App Store browse		iPhone	iOS 27.0	CN	4	1
2026-09-26	FLIM: Disposable Camera	6786079629	Tap	Product page	App Store browse	Open	iPhone	iOS 26.6	US	2	1
2026-09-26	FLIM: Disposable Camera	6786079629	Impression	No page	App Store search		iPhone	iOS 26.6	US	6	6
2026-09-26	FLIM: Disposable Camera	6786079629	Page view	Product page	Web referrer		iPhone	iOS 26.6	US	2	2
2026-09-26	FLIM: Disposable Camera	6786079629	Impression	No page	App Store search		iPad	iOS 16.7	US	1	1
2026-09-26	FLIM: Disposable Camera	6786079629	Impression	No page	App Store search		iPad	iOS 26.6	US	1	1
2026-09-26	FLIM: Disposable Camera	6786079629	Impression	No page	App Store search		iPad	iOS 18.6	US	1	1
2026-09-26	FLIM: Disposable Camera	6786079629	Tap	Product page	App Store browse	Share	iPhone	iOS 27.0	CN	1	1
2026-09-26	FLIM: Disposable Camera	6786079629	Impression	No page	App Store search		Desktop	macOS 26.5	US	1	1
2026-09-26	FLIM: Disposable Camera	6786079629	Tap	Product page	App Store browse	Get	iPhone	iOS 27.0	CN	1	1
2026-09-26	FLIM: Disposable Camera	6786079629	Page view	Store sheet	App referrer		iPhone	iOS 26.6	US	1	1
2026-09-26	FLIM: Disposable Camera	6786079629	Impression	No page	App Store search		iPhone	iOS 27.0	US	4	3
2026-09-26	FLIM: Disposable Camera	6786079629	Page view	Product page	App referrer		iPhone	iOS 26.6	US	1	1
2026-09-26	FLIM: Disposable Camera	6786079629	Impression	No page	App Store search		iPhone	iOS 26.7	US	4	1
2026-09-26	FLIM: Disposable Camera	6786079629	Tap	Product page	App Store browse	Get	iPhone	iOS 26.6	US	1	1
2026-09-26	FLIM: Disposable Camera	6786079629	Page view	Developer page	App Store browse		iPhone	iOS 27.0	CN	1	1
2026-09-27	FLIM: Disposable Camera	6786079629	Impression	No page	App Store browse		iPhone	iOS 27.0	CN	1	1
2026-09-27	FLIM: Disposable Camera	6786079629	Impression	No page	App Store search		iPhone	iOS 26.5	US	2	1
2026-09-27	FLIM: Disposable Camera	6786079629	Impression	No page	App Store search		iPad	iOS 27.0	US	1	1
2026-09-27	FLIM: Disposable Camera	6786079629	Page view	Product page	App Store search		iPhone	iOS 27.0	US	2	1
2026-09-27	FLIM: Disposable Camera	6786079629	Tap	Product page	App Store browse	Share	iPhone	iOS 27.0	US	1	1
2026-09-27	FLIM: Disposable Camera	6786079629	Impression	No page	App Store search		iPhone	iOS 27.0	US	3	2
