Date	App Name	App Apple Identifier	Download Type	App Version	Device	Platform Version	Source Type	Page Type	Pre-Order	Territory	Counts
2026-09-15	FLIM: Disposable Camera	6786079629	First-time download	1.5.3	iPhone	iOS 26.6	App referrer	Product page		US	1
2026-09-15	FLIM: Disposable Camera	6786079629	Auto-update	1.5.3	iPhone	iOS 27.0	App referrer	Store sheet		US	1
2026-09-15	FLIM: Disposable Camera	6786079629	Manual update	1.5.3	iPhone	iOS 26.6	App referrer	Product page		US	1
2026-09-15	FLIM: Disposable Camera	6786079629	Auto-update	1.5.3	iPhone	iOS 26.6	App referrer	Product page		US	2
2026-09-15	FLIM: Disposable Camera	6786079629	Auto-update	1.5.2	iPad	iOS 27.0	App referrer	Product page		US	1
2026-09-15	FLIM: Disposable Camera	6786079629	Auto-update	1.5.2	iPhone	iOS 26.6	Web referrer	Product page		US	2
2026-09-15	FLIM: Disposable Camera	6786079629	First-time download	1.5.2	iPhone	iOS 26.6	App referrer	Store sheet		US	1
2026-09-15	FLIM: Disposable Camera	6786079629	Auto-update	1.5.3	iPhone	iOS 18.7	App referrer	Product page		US	1
2026-09-15	FLIM: Disposable Camera	6786079629	Auto-update	1.5.3	iPhone	iOS 26.5	App referrer	Product page		US	1
2026-09-14	FLIM: Disposable Camera	6786079629	First-time download	1.5.2	iPhone	iOS 26.5	App Store search	Product page		US	1
2026-09-16	FLIM: Disposable Camera	6786079629	Auto-update	1.5.3	iPhone	iOS 26.5	App Store search	Product page		US	1
2026-09-16	FLIM: Disposable Camera	6786079629	Manual update	1.5.3	iPhone	iOS 26.6	App referrer	Product page		US	4
2026-09-16	FLIM: Disposable Camera	6786079629	Auto-update	1.5.3	iPhone	iOS 26.2	App referrer	Product page		US	1
2026-09-16	FLIM: Disposable Camera	6786079629	Auto-update	1.5.3	iPhone	iOS 26.6	App Store browse	Product page		US	1
2026-09-16	FLIM: Disposable Camera	6786079629	Auto-update	1.5.3	iPhone	iOS 26.5	App referrer	Product page		US	4
2026-09-16	FLIM: Disposable Camera	6786079629	Manual update	1.5.3	iPhone	iOS 27.0	App referrer	Product page		US	2
2026-09-16	FLIM: Disposable Camera	6786079629	Auto-update	1.5.3	iPhone	iOS 27.0	App referrer	Store sheet		US	1
2026-09-16	FLIM: Disposable Camera	6786079629	Auto-update	1.5.3	iPhone	iOS 26.5	App referrer	Store sheet		US	2
2026-09-16	FLIM: Disposable Camera	6786079629	Auto-update	1.5.3	iPhone	iOS 26.6	App referrer	Store sheet		US	8
2026-09-16	FLIM: Disposable Camera	6786079629	Manual update	1.5.3	iPhone	iOS 27.0	App referrer	Store sheet		US	1
2026-09-16	FLIM: Disposable Camera	6786079629	Auto-update	1.5.3	iPad	iOS 27.0	App referrer	Product page		US	1
2026-09-16	FLIM: Disposable Camera	6786079629	Auto-update	1.5.3	iPhone	iOS 26.6	App referrer	Product page		US	12
2026-09-16	FLIM: Disposable Camera	6786079629	Auto-update	1.5.3	iPhone	iOS 18.1	App referrer	Product page		US	1
2026-09-16	FLIM: Disposable Camera	6786079629	Auto-update	1.5.3	iPhone	iOS 27.0	Web referrer	Product page		US	2
2026-09-16	FLIM: Disposable Camera	6786079629	Manual update	1.5.3	iPhone	iOS 26.5	App Store search	No page		US	1
2026-09-16	FLIM: Disposable Camera	6786079629	Auto-update	1.5.3	iPhone	iOS 26.3	App referrer	Product page		US	1
2026-09-16	FLIM: Disposable Camera	6786079629	Manual update	1.5.3	iPhone	iOS 26.6	Web referrer	Product page		US	1
2026-09-16	FLIM: Disposable Camera	6786079629	Auto-update	1.5.3	iPhone	iOS 26.6	App Store browse	No page		US	1
2026-09-16	FLIM: Disposable Camera	6786079629	Auto-update	1.5.3	iPhone	iOS 26.6	Web referrer	Product page		US	18
2026-09-16	FLIM: Disposable Camera	6786079629	Auto-update	1.5.3	iPhone	iOS 26.5	App Store search	No page		US	1
2026-09-16	FLIM: Disposable Camera	6786079629	Auto-update	1.5.3	iPhone	iOS 26.6	App Store search	Product page		US	1
2026-09-16	FLIM: Disposable Camera	6786079629	Manual update	1.5.3	iPhone	iOS 26.6	App referrer	Store sheet		US	1
2026-09-17	FLIM: Disposable Camera	6786079629	First-time download	1.5.3	iPhone	iOS 27.0	App Store search	Product page		US	1
2026-09-17	FLIM: Disposable Camera	6786079629	Manual update	1.5.3	iPhone	iOS 26.6	Web referrer	Product page		US	1
2026-09-17	FLIM: Disposable Camera	6786079629	Manual update	1.5.3	iPhone	iOS 26.5	App referrer	Product page		US	1
2026-09-18	FLIM: Disposable Camera	6786079629	First-time download	1.5.3	iPhone	iOS 26.0	App Store search	Product page		US	1
2026-09-18	FLIM: Disposable Camera	6786079629	Redownload	1.5.3	iPhone	iOS 27.0	App referrer	Store sheet		US	1
2026-09-18	FLIM: Disposable Camera	6786079629	First-time download	1.5.3	iPhone	iOS 26.5	App referrer	Product page		US	1
2026-09-19	FLIM: Disposable Camera	6786079629	Restore	1.5.3	iPhone	iOS 27.0	App referrer	Store sheet		US	1
2026-09-19	FLIM: Disposable Camera	6786079629	Restore	1.5.3	iPhone	iOS 27.0	App referrer	Product page		US	1
2026-09-19	FLIM: Disposable Camera	6786079629	First-time download	1.5.3	iPhone	iOS 26.5	App referrer	Store sheet		US	1
2026-09-19	FLIM: Disposable Camera	6786079629	Auto-update	1.5.3	iPad	iOS 27.0	App referrer	Product page		US	1
2026-09-19	FLIM: Disposable Camera	6786079629	First-time download	1.5.3	iPhone	iOS 26.6	App referrer	Store sheet		US	1
2026-09-20	FLIM: Disposable Camera	6786079629	Auto-update	1.5.3	iPhone	iOS 26.6	App referrer	Store sheet		US	2
2026-09-23	FLIM: Disposable Camera	6786079629	Manual update	1.5.3	iPhone	iOS 26.6	Web referrer	Product page		US	1
2026-09-23	FLIM: Disposable Camera	6786079629	First-time download	1.5.3	iPhone	iOS 26.7	App referrer	Product page		US	1
2026-09-24	FLIM: Disposable Camera	6786079629	Manual update	1.5.3	iPhone	iOS 26.6	App referrer	Store sheet		US	2
2026-09-25	FLIM: Disposable Camera	6786079629	Auto-update	1.5.3	iPhone	iOS 27.0	App referrer	Product page		US	1
2026-09-25	FLIM: Disposable Camera	6786079629	Manual update	1.5.3	iPhone	iOS 26.6	App referrer	Product page		US	1
2026-09-25	FLIM: Disposable Camera	6786079629	Manual update	1.5.3	iPhone	iOS 27.0	App referrer	Product page		US	1
2026-09-26	FLIM: Disposable Camera	6786079629	First-time download	1.5.3	iPhone	iOS 27.0	App Store browse	Product page		CN	1
2026-09-26	FLIM: Disposable Camera	6786079629	First-time download	1.5.3	iPhone	iOS 26.6	Web referrer	Product page		US	1
2026-09-29	FLIM: Disposable Camera	6786079629	Auto-update	1.6.0	iPhone	iOS 26.6	Web referrer	Product page		US	13
2026-09-29	FLIM: Disposable Camera	6786079629	First-time download	1.5.3	iPhone	iOS 18.7	App referrer	Product page		US	1
2026-09-29	FLIM: Disposable Camera	6786079629	Auto-update	1.6.0	iPhone	iOS 27.0	App referrer	Product page		US	2
2026-09-29	FLIM: Disposable Camera	6786079629	Auto-update	1.6.0	iPhone	iOS 26.2	App referrer	Product page		US	1
2026-09-29	FLIM: Disposable Camera	6786079629	Manual update	1.6.0	iPhone	iOS 26.6	Web referrer	Product page		US	1
2026-09-29	FLIM: Disposable Camera	6786079629	Auto-update	1.6.0	iPhone	iOS 26.7	App referrer	Store sheet		US	1
2026-09-29	FLIM: Disposable Camera	6786079629	Auto-update	1.6.0	iPhone	iOS 26.5	App referrer	Store sheet		US	1
2026-09-29	FLIM: Disposable Camera	6786079629	Manual update	1.6.0	iPhone	iOS 26.6	App referrer	Product page		US	4
2026-09-29	FLIM: Disposable Camera	6786079629	Auto-update	1.6.0	iPhone	iOS 26.7	App referrer	Product page		US	1
2026-09-29	FLIM: Disposable Camera	6786079629	Auto-update	1.6.0	iPhone	iOS 26.6	App Store search	Product page		US	1
2026-09-29	FLIM: Disposable Camera	6786079629	First-time download	1.5.3	iPhone	iOS 26.6	App referrer	Product page		US	1
2026-09-29	FLIM: Disposable Camera	6786079629	Auto-update	1.6.0	iPad	iOS 27.2	App referrer	Product page		US	1
2026-09-29	FLIM: Disposable Camera	6786079629	Auto-update	1.6.0	iPhone	iOS 26.5	App referrer	Product page		US	3
2026-09-29	FLIM: Disposable Camera	6786079629	Auto-update	1.6.0	iPhone	iOS 26.6	App referrer	Product page		US	8
2026-09-29	FLIM: Disposable Camera	6786079629	Auto-update	1.6.0	iPhone	iOS 27.0	Web referrer	Product page		US	1
2026-09-29	FLIM: Disposable Camera	6786079629	Auto-update	1.6.0	iPhone	iOS 18.7	App referrer	Product page		US	2
2026-09-29	FLIM: Disposable Camera	6786079629	Manual update	1.6.0	iPhone	iOS 26.6	App Store search	Product page		US	1
2026-09-29	FLIM: Disposable Camera	6786079629	First-time download	1.6.0	iPhone	iOS 26.6	App Store search	No page		US	1
2026-09-29	FLIM: Disposable Camera	6786079629	First-time download	1.5.3	iPhone	iOS 26.5	Web referrer	Product page		US	1
2026-09-29	FLIM: Disposable Camera	6786079629	Manual update	1.6.0	iPhone	iOS 18.7	App referrer	Product page		US	1
2026-09-29	FLIM: Disposable Camera	6786079629	Auto-update	1.6.0	iPhone	iOS 27.0	App referrer	Store sheet		US	4
2026-09-29	FLIM: Disposable Camera	6786079629	Manual update	1.5.3	iPhone	iOS 26.6	App referrer	Product page		US	1
2026-09-29	FLIM: Disposable Camera	6786079629	Manual update	1.6.0	iPhone	iOS 26.5	App Store search	No page		US	1
2026-09-29	FLIM: Disposable Camera	6786079629	Manual update	1.6.0	iPhone	iOS 27.0	App referrer	Store sheet		US	1
2026-09-29	FLIM: Disposable Camera	6786079629	Auto-update	1.6.0	iPhone	iOS 26.5	Web referrer	Product page		US	1
2026-09-29	FLIM: Disposable Camera	6786079629	Manual update	1.6.0	iPhone	iOS 26.5	App referrer	Store sheet		US	1
2026-09-29	FLIM: Disposable Camera	6786079629	Auto-update	1.6.0	iPhone	iOS 26.6	App referrer	Store sheet		US	3
2026-09-29	FLIM: Disposable Camera	6786079629	Manual update	1.6.0	iPhone	iOS 27.2	App referrer	Product page		US	1
2026-09-29	FLIM: Disposable Camera	6786079629	Auto-update	1.6.0	iPhone	iOS 26.3	App referrer	Product page		US	1
2026-09-29	FLIM: Disposable Camera	6786079629	Manual update	1.6.0	iPhone	iOS 27.0	App referrer	Product page		US	1
2026-09-29	FLIM: Disposable Camera	6786079629	Auto-update	1.6.0	iPhone	iOS 27.0	App Store search	Product page		US	1
2026-09-30	FLIM: Disposable Camera	6786079629	Auto-update	1.6.0	iPhone	iOS 27.0	Web referrer	Product page		US	2
2026-09-30	FLIM: Disposable Camera	6786079629	Auto-update	1.6.1	iPhone	iOS 18.7	App referrer	Product page		US	2
2026-09-30	FLIM: Disposable Camera	6786079629	Auto-update	1.6.1	iPhone	iOS 27.0	App referrer	Product page		US	3
2026-09-30	FLIM: Disposable Camera	6786079629	Auto-update	1.6.1	iPhone	iOS 27.2	App referrer	Product page		US	1
2026-09-30	FLIM: Disposable Camera	6786079629	First-time download	1.6.1	iPhone	iOS 26.6	Web referrer	Product page		US	1
2026-09-30	FLIM: Disposable Camera	6786079629	Manual update	1.6.1	iPhone	iOS 27.0	Web referrer	Product page		US	1
2026-09-30	FLIM: Disposable Camera	6786079629	Auto-update	1.6.0	iPhone	iOS 26.6	App referrer	Store sheet		US	2
2026-09-30	FLIM: Disposable Camera	6786079629	Auto-update	1.6.0	iPhone	iOS 26.6	Web referrer	Product page		US	4
2026-09-30	FLIM: Disposable Camera	6786079629	Auto-update	1.6.1	iPhone	iOS 27.0	App referrer	Store sheet		US	3
2026-09-30	FLIM: Disposable Camera	6786079629	Manual update	1.6.1	iPhone	iOS 26.5	App Store search	No page		US	1
2026-09-30	FLIM: Disposable Camera	6786079629	Auto-update	1.6.0	iPhone	iOS 26.6	App Store browse	No page		US	1
2026-09-30	FLIM: Disposable Camera	6786079629	Auto-update	1.6.0	iPhone	iOS 26.5	App Store search	No page		US	1
2026-09-30	FLIM: Disposable Camera	6786079629	Auto-update	1.6.0	iPhone	iOS 26.6	App referrer	Product page		US	3
2026-09-30	FLIM: Disposable Camera	6786079629	Auto-update	1.6.1	iPhone	iOS 26.6	App referrer	Product page		US	8
2026-09-30	FLIM: Disposable Camera	6786079629	Auto-update	1.6.1	iPhone	iOS 26.6	App referrer	Store sheet		US	1
2026-09-30	FLIM: Disposable Camera	6786079629	First-time download	1.6.1	iPhone	iOS 26.6	App Store search	No page		UG	1
2026-09-30	FLIM: Disposable Camera	6786079629	Auto-update	1.6.1	iPad	iOS 27.2	App referrer	Product page		US	1
2026-09-30	FLIM: Disposable Camera	6786079629	Auto-update	1.6.0	iPhone	iOS 26.6	App Store browse	Product page		US	1
2026-09-30	FLIM: Disposable Camera	6786079629	First-time download	1.6.1	iPhone	iOS 26.5	App Store search	No page		RU	1
2026-09-30	FLIM: Disposable Camera	6786079629	Auto-update	1.6.1	iPhone	iOS 26.6	App Store search	No page		US	1
2026-09-30	FLIM: Disposable Camera	6786079629	Manual update	1.6.1	iPhone	iOS 27.0	App referrer	Product page		US	1
2026-09-30	FLIM: Disposable Camera	6786079629	Auto-update	1.6.1	iPhone	iOS 26.6	Web referrer	Product page		US	8
2026-09-30	FLIM: Disposable Camera	6786079629	Auto-update	1.6.1	iPhone	iOS 26.6	App Store search	Product page		US	1
2026-09-30	FLIM: Disposable Camera	6786079629	First-time download	1.6.0	iPhone	iOS 26.6	Web referrer	Product page		US	1
2026-09-30	FLIM: Disposable Camera	6786079629	Auto-update	1.6.1	iPhone	iOS 26.2	App referrer	Product page		US	1
2026-09-30	FLIM: Disposable Camera	6786079629	Auto-update	1.6.1	iPhone	iOS 26.5	App referrer	Store sheet		US	2
2026-09-30	FLIM: Disposable Camera	6786079629	Auto-update	1.6.0	iPhone	iOS 26.7	App referrer	Product page		US	1
2026-09-30	FLIM: Disposable Camera	6786079629	Auto-update	1.6.1	iPhone	iOS 26.5	App referrer	Product page		US	1
2026-10-01	FLIM: Disposable Camera	6786079629	Auto-update	1.6.1	iPhone	iOS 27.2	App referrer	Store sheet		US	1
2026-10-01	FLIM: Disposable Camera	6786079629	Manual update	1.6.1	iPhone	iOS 26.3	App referrer	Product page		US	2
2026-10-01	FLIM: Disposable Camera	6786079629	First-time download	1.6.1	iPhone	iOS 26.2	App referrer	Product page		US	1
2026-10-01	FLIM: Disposable Camera	6786079629	Auto-update	1.6.1	iPhone	iOS 26.5	App referrer	Product page		US	3
2026-10-01	FLIM: Disposable Camera	6786079629	First-time download	1.6.1	iPhone	iOS 26.6	App Store search	Product page		US	1
2026-10-01	FLIM: Disposable Camera	6786079629	First-time download	1.6.1	iPhone	iOS 27.0	App Store search	Product page		TH	1
2026-10-01	FLIM: Disposable Camera	6786079629	Manual update	1.6.1	iPhone	iOS 27.0	App referrer	Store sheet		US	1
2026-10-01	FLIM: Disposable Camera	6786079629	Auto-update	1.6.1	iPhone	iOS 27.0	App Store search	Product page		US	1
2026-10-01	FLIM: Disposable Camera	6786079629	Auto-update	1.6.1	iPhone	iOS 26.7	App referrer	Product page		US	2
2026-10-01	FLIM: Disposable Camera	6786079629	Auto-update	1.6.1	iPhone	iOS 26.5	Web referrer	Product page		US	1
2026-10-01	FLIM: Disposable Camera	6786079629	Auto-update	1.6.1	iPhone	iOS 26.5	App referrer	Store sheet		US	1
2026-10-01	FLIM: Disposable Camera	6786079629	Auto-update	1.6.1	iPhone	iOS 26.6	App Store browse	Product page		US	1
2026-10-01	FLIM: Disposable Camera	6786079629	Auto-update	1.6.1	iPhone	iOS 27.0	App referrer	Product page		US	1
2026-10-01	FLIM: Disposable Camera	6786079629	Redownload	1.6.1	iPhone	iOS 26.6	App Store search	Product page		US	1
2026-10-01	FLIM: Disposable Camera	6786079629	Auto-update	1.6.1	iPhone	iOS 27.0	Web referrer	Product page		US	2
2026-10-01	FLIM: Disposable Camera	6786079629	First-time download	1.6.1	iPhone	iOS 26.6	App referrer	Product page		US	2
2026-10-01	FLIM: Disposable Camera	6786079629	Auto-update	1.6.1	iPhone	iOS 26.6	App referrer	Store sheet		US	3
2026-10-01	FLIM: Disposable Camera	6786079629	Auto-update	1.6.1	iPhone	iOS 26.6	App Store browse	No page		US	1
2026-10-01	FLIM: Disposable Camera	6786079629	Manual update	1.6.1	iPhone	iOS 26.6	Web referrer	Product page		US	2
2026-10-01	FLIM: Disposable Camera	6786079629	Auto-update	1.6.1	iPhone	iOS 26.6	App referrer	Product page		US	5
2026-10-01	FLIM: Disposable Camera	6786079629	Auto-update	1.6.1	iPhone	iOS 26.5	App Store search	No page		US	1
2026-10-01	FLIM: Disposable Camera	6786079629	Auto-update	1.6.1	iPhone	iOS 26.6	Web referrer	Product page		US	9
2026-10-02	FLIM: Disposable Camera	6786079629	Auto-update	1.6.1	iPhone	iOS 26.6	App referrer	Store sheet		US	1
2026-10-02	FLIM: Disposable Camera	6786079629	First-time download	1.6.1	iPhone	iOS 26.5	App referrer	Product page		JP	1
2026-10-02	FLIM: Disposable Camera	6786079629	First-time download	1.6.1	iPhone	iOS 18.6	App referrer	Product page		JM	1
2026-10-02	FLIM: Disposable Camera	6786079629	Auto-update	1.6.1	iPhone	iOS 26.6	Web referrer	Product page		US	2
2026-10-02	FLIM: Disposable Camera	6786079629	Manual update	1.6.1	iPhone	iOS 27.0	App referrer	Product page		US	1
2026-10-02	FLIM: Disposable Camera	6786079629	Auto-update	1.6.1	iPhone	iOS 27.0	App referrer	Store sheet		US	1
2026-10-02	FLIM: Disposable Camera	6786079629	Auto-update	1.6.1	iPhone	iOS 26.6	App referrer	Product page		US	3
2026-10-02	FLIM: Disposable Camera	6786079629	Manual update	1.6.1	iPhone	iOS 26.5	Web referrer	Product page		US	1
2026-10-02	FLIM: Disposable Camera	6786079629	Restore	1.6.1	iPhone	iOS 27.0	App referrer	Product page		US	1
2026-10-03	FLIM: Disposable Camera	6786079629	Auto-update	1.6.1	iPhone	iOS 26.6	App referrer	Store sheet		US	1
