Date	App Name	App Apple Identifier	Event	Download Type	App Version	Device	Platform Version	Source Type	Page Type	App Download Date	Territory	Counts	Unique Devices
2026-09-12	FLIM: Disposable Camera	6786079629	Install	First-time download	1.5.2	iPhone	iOS 26.6	App referrer	Store sheet	2026-09-11	US	1	1
2026-09-12	FLIM: Disposable Camera	6786079629	Install	First-time download	1.5.2	iPhone	iOS 26.6	Web referrer	Product page	2026-09-12	US	1	1
2026-09-12	FLIM: Disposable Camera	6786079629	Install	First-time download	1.5.2	iPhone	iOS 27.0	App referrer	Store sheet	2026-09-11	US	1	1
2026-09-12	FLIM: Disposable Camera	6786079629	Install	Manual update	1.5.2	iPhone	iOS 18.7	App referrer	Product page	2026-08-14	US	1	1
2026-09-12	FLIM: Disposable Camera	6786079629	Install	Manual update	1.5.2	iPhone	iOS 26.5	App Store search	Product page	2026-08-13	US	1	1
2026-09-12	FLIM: Disposable Camera	6786079629	Install	Manual update	1.5.2	iPhone	iOS 26.5	App Store search	Product page	2026-08-17	US	1	1
2026-09-12	FLIM: Disposable Camera	6786079629	Install	Manual update	1.5.2	iPhone	iOS 26.5	App referrer	Product page	2026-08-26	US	1	1
2026-09-12	FLIM: Disposable Camera	6786079629	Install	Manual update	1.5.2	iPhone	iOS 26.6	App referrer	Product page		US	1	1
2026-09-12	FLIM: Disposable Camera	6786079629	Install	Manual update	1.5.2	iPhone	iOS 26.6	App referrer	Product page	2026-08-14	US	1	1
2026-09-12	FLIM: Disposable Camera	6786079629	Install	Manual update	1.5.2	iPhone	iOS 26.6	App referrer	Product page	2026-08-15	US	1	1
2026-09-12	FLIM: Disposable Camera	6786079629	Install	Manual update	1.5.2	iPhone	iOS 26.6	Web referrer	Product page	2026-08-14	US	1	1
2026-09-12	FLIM: Disposable Camera	6786079629	Install	Manual update	1.5.2	iPhone	iOS 26.6	Web referrer	Product page	2026-08-16	US	1	1
2026-09-12	FLIM: Disposable Camera	6786079629	Install	Manual update	1.5.2	iPhone	iOS 26.6	Web referrer	Product page	2026-09-05	US	1	1
2026-09-16	FLIM: Disposable Camera	6786079629	Install	First-time download	1.5.3	iPhone	iOS 26.6	App referrer	Product page	2026-09-15	US	1	1
2026-09-16	FLIM: Disposable Camera	6786079629	Install	Manual update	1.5.3	iPhone	iOS 26.5	App Store search	No page		US	1	1
2026-09-16	FLIM: Disposable Camera	6786079629	Install	Manual update	1.5.3	iPhone	iOS 26.6	App Store search	Product page		US	1	1
2026-09-16	FLIM: Disposable Camera	6786079629	Install	Manual update	1.5.3	iPhone	iOS 26.6	App referrer	Product page		US	1	1
2026-09-16	FLIM: Disposable Camera	6786079629	Install	Manual update	1.5.3	iPhone	iOS 26.6	App referrer	Product page	2026-08-29	US	1	1
2026-09-16	FLIM: Disposable Camera	6786079629	Install	Manual update	1.5.3	iPhone	iOS 26.6	App referrer	Store sheet		US	1	1
2026-09-16	FLIM: Disposable Camera	6786079629	Install	Manual update	1.5.3	iPhone	iOS 26.6	App referrer	Store sheet	2026-09-11	US	1	1
2026-09-16	FLIM: Disposable Camera	6786079629	Install	Manual update	1.5.3	iPhone	iOS 26.6	Web referrer	Product page		US	2	2
2026-09-16	FLIM: Disposable Camera	6786079629	Install	Manual update	1.5.3	iPhone	iOS 26.6	Web referrer	Product page	2026-09-05	US	1	1
2026-09-16	FLIM: Disposable Camera	6786079629	Install	Manual update	1.5.3	iPhone	iOS 26.7	App referrer	Store sheet	2026-09-15	US	1	1
2026-09-16	FLIM: Disposable Camera	6786079629	Install	Manual update	1.5.3	iPhone	iOS 27.0	App referrer	Store sheet	2026-09-10	US	1	1
2026-09-16	FLIM: Disposable Camera	6786079629	Install	Manual update	1.5.3	iPhone	iOS 27.0	App referrer	Store sheet	2026-09-11	US	1	1
2026-09-17	FLIM: Disposable Camera	6786079629	Delete		1.5.3	iPhone	iOS 26.5	App Store search	Product page		US	1	1
2026-09-17	FLIM: Disposable Camera	6786079629	Install	Manual update	1.5.3	iPhone	iOS 18.7	App referrer	Product page		US	1	1
2026-09-17	FLIM: Disposable Camera	6786079629	Install	Manual update	1.5.3	iPhone	iOS 26.5	App Store search	Product page		US	1	1
2026-09-17	FLIM: Disposable Camera	6786079629	Install	Manual update	1.5.3	iPhone	iOS 26.5	App referrer	Product page	2026-08-26	US	1	1
2026-09-17	FLIM: Disposable Camera	6786079629	Install	Manual update	1.5.3	iPhone	iOS 26.6	App referrer	Product page		US	3	3
2026-09-17	FLIM: Disposable Camera	6786079629	Install	Manual update	1.5.3	iPhone	iOS 26.6	App referrer	Store sheet	2026-09-11	US	1	1
2026-09-17	FLIM: Disposable Camera	6786079629	Install	Manual update	1.5.3	iPhone	iOS 26.6	Web referrer	Product page		US	4	4
2026-09-17	FLIM: Disposable Camera	6786079629	Install	Manual update	1.5.3	iPhone	iOS 27.0	Web referrer	Product page	2026-09-12	US	1	1
2026-09-30	FLIM: Disposable Camera	6786079629	Install	Manual update	1.6.0	iPhone	iOS 18.7	App referrer	Product page		US	1	1
2026-09-30	FLIM: Disposable Camera	6786079629	Install	Manual update	1.6.0	iPhone	iOS 26.5	App referrer	Product page	2026-09-18	US	1	1
2026-09-30	FLIM: Disposable Camera	6786079629	Install	Manual update	1.6.0	iPhone	iOS 26.6	App Store search	Product page		US	1	1
2026-09-30	FLIM: Disposable Camera	6786079629	Install	Manual update	1.6.0	iPhone	iOS 26.6	App referrer	Product page		US	2	2
2026-09-30	FLIM: Disposable Camera	6786079629	Install	Manual update	1.6.0	iPhone	iOS 26.6	App referrer	Store sheet		US	1	1
2026-09-30	FLIM: Disposable Camera	6786079629	Install	Manual update	1.6.0	iPhone	iOS 26.6	Web referrer	Product page		US	2	2
2026-09-30	FLIM: Disposable Camera	6786079629	Install	Manual update	1.6.0	iPhone	iOS 26.6	Web referrer	Product page	2026-09-26	US	1	1
2026-09-30	FLIM: Disposable Camera	6786079629	Install	Manual update	1.6.0	iPhone	iOS 27.0	App referrer	Product page		US	1	1
2026-09-30	FLIM: Disposable Camera	6786079629	Install	Manual update	1.6.0	iPhone	iOS 27.0	App referrer	Product page	2026-09-15	US	1	1
2026-09-30	FLIM: Disposable Camera	6786079629	Install	Manual update	1.6.0	iPhone	iOS 27.0	App referrer	Store sheet	2026-09-10	US	1	1
2026-09-30	FLIM: Disposable Camera	6786079629	Install	Manual update	1.6.0	iPhone	iOS 27.0	App referrer	Store sheet	2026-09-11	US	2	2
2026-09-30	FLIM: Disposable Camera	6786079629	Install	Manual update	1.6.0	iPhone	iOS 27.0	App referrer	Store sheet	2026-09-18	US	1	1
2026-09-30	FLIM: Disposable Camera	6786079629	Install	Manual update	1.6.0	iPhone	iOS 27.0	Web referrer	Product page	2026-09-12	US	1	1
2026-09-30	FLIM: Disposable Camera	6786079629	Install	Manual update	1.6.1	iPhone	iOS 27.0	App referrer	Store sheet	2026-09-18	US	1	1
2026-10-01	FLIM: Disposable Camera	6786079629	Delete		1.6.1	iPhone	iOS 26.6	App Store search	Product page	2026-10-01	US	1	1
2026-10-01	FLIM: Disposable Camera	6786079629	Install	First-time download	1.6.1	iPhone	iOS 26.6	App Store search	Product page	2026-10-01	US	1	1
2026-10-01	FLIM: Disposable Camera	6786079629	Install	First-time download	1.6.1	iPhone	iOS 27.0	App Store search	Product page	2026-10-01	TH	1	1
2026-10-01	FLIM: Disposable Camera	6786079629	Install	Manual update	1.6.0	iPhone	iOS 26.5	App referrer	Product page		US	1	1
2026-10-01	FLIM: Disposable Camera	6786079629	Install	Manual update	1.6.0	iPhone	iOS 26.6	App referrer	Product page		US	2	2
2026-10-01	FLIM: Disposable Camera	6786079629	Install	Manual update	1.6.0	iPhone	iOS 26.6	Web referrer	Product page		US	2	2
2026-10-01	FLIM: Disposable Camera	6786079629	Install	Manual update	1.6.0	iPhone	iOS 27.0	Web referrer	Product page		US	1	1
2026-10-01	FLIM: Disposable Camera	6786079629	Install	Manual update	1.6.1	iPhone	iOS 18.7	App referrer	Product page		US	1	1
2026-10-01	FLIM: Disposable Camera	6786079629	Install	Manual update	1.6.1	iPhone	iOS 26.5	App Store search	No page		US	1	1
2026-10-01	FLIM: Disposable Camera	6786079629	Install	Manual update	1.6.1	iPhone	iOS 26.5	App referrer	Store sheet	2026-09-19	US	1	1
2026-10-01	FLIM: Disposable Camera	6786079629	Install	Manual update	1.6.1	iPhone	iOS 26.6	App Store search	Product page		US	1	1
2026-10-01	FLIM: Disposable Camera	6786079629	Install	Manual update	1.6.1	iPhone	iOS 26.6	App referrer	Product page		US	1	1
2026-10-01	FLIM: Disposable Camera	6786079629	Install	Manual update	1.6.1	iPhone	iOS 26.6	App referrer	Product page	2026-09-29	US	1	1
2026-10-01	FLIM: Disposable Camera	6786079629	Install	Manual update	1.6.1	iPhone	iOS 26.6	App referrer	Store sheet		US	1	1
2026-10-01	FLIM: Disposable Camera	6786079629	Install	Manual update	1.6.1	iPhone	iOS 26.6	Web referrer	Product page		US	3	3
2026-10-01	FLIM: Disposable Camera	6786079629	Install	Manual update	1.6.1	iPhone	iOS 26.6	Web referrer	Product page	2026-09-05	US	1	1
2026-10-01	FLIM: Disposable Camera	6786079629	Install	Manual update	1.6.1	iPhone	iOS 26.6	Web referrer	Product page	2026-09-26	US	1	1
2026-10-01	FLIM: Disposable Camera	6786079629	Install	Manual update	1.6.1	iPhone	iOS 27.0	App referrer	Product page		US	2	2
2026-10-01	FLIM: Disposable Camera	6786079629	Install	Manual update	1.6.1	iPhone	iOS 27.0	App referrer	Product page	2026-09-15	US	1	1
2026-10-01	FLIM: Disposable Camera	6786079629	Install	Manual update	1.6.1	iPhone	iOS 27.0	App referrer	Store sheet	2026-09-10	US	1	1
2026-10-01	FLIM: Disposable Camera	6786079629	Install	Manual update	1.6.1	iPhone	iOS 27.0	App referrer	Store sheet	2026-09-11	US	2	2
2026-10-01	FLIM: Disposable Camera	6786079629	Install	Manual update	1.6.1	iPhone	iOS 27.0	Web referrer	Product page	2026-09-12	US	1	1
2026-09-30	FLIM: Disposable Camera	6786079629	Install	Manual update	1.6.0	iPhone	iOS 26.6	Web referrer	Product page		US	1	1
2026-10-02	FLIM: Disposable Camera	6786079629	Install	First-time download	1.6.1	iPhone	iOS 18.6	App referrer	Product page	2026-10-02	JM	1	1
2026-10-02	FLIM: Disposable Camera	6786079629	Install	First-time download	1.6.1	iPhone	iOS 26.5	App referrer	Product page	2026-10-02	JP	1	1
2026-10-02	FLIM: Disposable Camera	6786079629	Install	Manual update	1.6.0	iPhone	iOS 26.6	App referrer	Store sheet	2026-09-11	US	1	1
2026-10-02	FLIM: Disposable Camera	6786079629	Install	Manual update	1.6.1	iPhone	iOS 26.5	App referrer	Product page		US	2	2
2026-10-02	FLIM: Disposable Camera	6786079629	Install	Manual update	1.6.1	iPhone	iOS 26.5	App referrer	Product page	2026-09-18	US	1	1
2026-10-02	FLIM: Disposable Camera	6786079629	Install	Manual update	1.6.1	iPhone	iOS 26.6	App referrer	Product page		US	3	3
2026-10-02	FLIM: Disposable Camera	6786079629	Install	Manual update	1.6.1	iPhone	iOS 26.6	App referrer	Store sheet	2026-09-11	US	1	1
2026-10-02	FLIM: Disposable Camera	6786079629	Install	Manual update	1.6.1	iPhone	iOS 27.0	Web referrer	Product page		US	1	1
2026-10-07	FLIM: Disposable Camera	6786079629	Install	Manual update	1.6.2	iPhone	iOS 18.7	App referrer	Product page		US	1	1
2026-10-07	FLIM: Disposable Camera	6786079629	Install	Manual update	1.6.2	iPhone	iOS 26.5	App referrer	Product page		US	1	1
2026-10-07	FLIM: Disposable Camera	6786079629	Install	Manual update	1.6.2	iPhone	iOS 26.5	App referrer	Store sheet	2026-09-19	US	1	1
2026-10-07	FLIM: Disposable Camera	6786079629	Install	Manual update	1.6.2	iPhone	iOS 26.6	App Store search	Product page		US	1	1
2026-10-07	FLIM: Disposable Camera	6786079629	Install	Manual update	1.6.2	iPhone	iOS 26.6	App referrer	Product page		US	3	3
2026-10-07	FLIM: Disposable Camera	6786079629	Install	Manual update	1.6.2	iPhone	iOS 26.6	App referrer	Store sheet		US	1	1
2026-10-07	FLIM: Disposable Camera	6786079629	Install	Manual update	1.6.2	iPhone	iOS 26.6	App referrer	Store sheet	2026-10-04	US	1	1
2026-10-07	FLIM: Disposable Camera	6786079629	Install	Manual update	1.6.2	iPhone	iOS 26.6	Web referrer	Product page		US	1	1
2026-10-07	FLIM: Disposable Camera	6786079629	Install	Manual update	1.6.2	iPhone	iOS 26.6	Web referrer	Product page	2026-09-26	US	1	1
2026-10-07	FLIM: Disposable Camera	6786079629	Install	Manual update	1.6.2	iPhone	iOS 27.0	App referrer	Product page		US	1	1
2026-10-07	FLIM: Disposable Camera	6786079629	Install	Manual update	1.6.2	iPhone	iOS 27.0	App referrer	Product page	2026-09-15	US	1	1
2026-10-07	FLIM: Disposable Camera	6786079629	Install	Manual update	1.6.2	iPhone	iOS 27.0	App referrer	Product page	2026-09-18	US	1	1
2026-10-07	FLIM: Disposable Camera	6786079629	Install	Manual update	1.6.2	iPhone	iOS 27.0	App referrer	Store sheet	2026-09-10	US	1	1
2026-10-07	FLIM: Disposable Camera	6786079629	Install	Manual update	1.6.2	iPhone	iOS 27.0	App referrer	Store sheet	2026-09-11	US	1	1
2026-10-07	FLIM: Disposable Camera	6786079629	Install	Manual update	1.6.2	iPhone	iOS 27.0	App referrer	Store sheet	2026-09-18	US	1	1
2026-10-07	FLIM: Disposable Camera	6786079629	Install	Manual update	1.6.2	iPhone	iOS 27.0	Web referrer	Product page		US	1	1
2026-10-07	FLIM: Disposable Camera	6786079629	Install	Manual update	1.6.2	iPhone	iOS 27.0	Web referrer	Product page	2026-09-12	US	1	1
2026-10-07	FLIM: Disposable Camera	6786079629	Install	Manual update	1.6.2	iPhone	iOS 27.2	App referrer	Store sheet	2026-09-15	US	1	1
