Date	App Name	App Apple Identifier	App Version	Device	Platform Version	Source Type	Page Type	App Download Date	Territory	Sessions	Total Session Duration	Unique Devices
2026-09-12	FLIM: Disposable Camera	6786079629	1.5.1	iPhone	iOS 26.5	App Store search	No page	2026-08-13	US	2	3	1
2026-09-12	FLIM: Disposable Camera	6786079629	1.5.1	iPhone	iOS 26.6	App referrer	Product page		US	2	37	2
2026-09-12	FLIM: Disposable Camera	6786079629	1.5.1	iPhone	iOS 26.6	App referrer	Product page	2026-08-29	US	3	110	1
2026-09-12	FLIM: Disposable Camera	6786079629	1.5.2	iPhone	iOS 18.7	App referrer	Product page	2026-08-14	US	3	77	1
2026-09-12	FLIM: Disposable Camera	6786079629	1.5.2	iPhone	iOS 26.5	App Store search	No page	2026-08-13	US	5	1951	1
2026-09-12	FLIM: Disposable Camera	6786079629	1.5.2	iPhone	iOS 26.6	App referrer	Product page		US	4	477	1
2026-09-12	FLIM: Disposable Camera	6786079629	1.5.2	iPhone	iOS 26.6	App referrer	Product page	2026-08-15	US	3	84	1
2026-09-12	FLIM: Disposable Camera	6786079629	1.5.2	iPhone	iOS 26.6	App referrer	Store sheet	2026-09-10	US	13	1489	1
2026-09-12	FLIM: Disposable Camera	6786079629	1.5.2	iPhone	iOS 26.6	App referrer	Store sheet	2026-09-11	US	4	31	2
2026-09-12	FLIM: Disposable Camera	6786079629	1.5.2	iPhone	iOS 26.6	Web referrer	Product page	2026-08-16	US	3	183	1
2026-09-12	FLIM: Disposable Camera	6786079629	1.5.2	iPhone	iOS 26.6	Web referrer	Product page	2026-09-05	US	6	76	1
2026-09-12	FLIM: Disposable Camera	6786079629	1.5.2	iPhone	iOS 26.6	Web referrer	Product page	2026-09-12	US	4	177	1
2026-09-13	FLIM: Disposable Camera	6786079629	1.5.1	iPhone	iOS 26.6	App referrer	Product page		US	4	397	1
2026-09-13	FLIM: Disposable Camera	6786079629	1.5.2	iPhone	iOS 18.7	App referrer	Product page	2026-08-14	US	12	2350	1
2026-09-13	FLIM: Disposable Camera	6786079629	1.5.2	iPhone	iOS 26.5	App Store search	No page		US	6	130	1
2026-09-13	FLIM: Disposable Camera	6786079629	1.5.2	iPhone	iOS 26.6	App Store search	Product page		US	1	37	1
2026-09-13	FLIM: Disposable Camera	6786079629	1.5.2	iPhone	iOS 26.6	App referrer	Product page		US	4	645	1
2026-09-13	FLIM: Disposable Camera	6786079629	1.5.2	iPhone	iOS 26.6	App referrer	Product page	2026-08-15	US	6	542	1
2026-09-13	FLIM: Disposable Camera	6786079629	1.5.2	iPhone	iOS 26.6	App referrer	Product page	2026-08-29	US	2	98	1
2026-09-13	FLIM: Disposable Camera	6786079629	1.5.2	iPhone	iOS 26.6	App referrer	Store sheet	2026-09-10	US	2	93	1
2026-09-13	FLIM: Disposable Camera	6786079629	1.5.2	iPhone	iOS 26.6	App referrer	Store sheet	2026-09-11	US	8	110	1
2026-09-13	FLIM: Disposable Camera	6786079629	1.5.2	iPhone	iOS 26.6	Web referrer	Product page	2026-08-16	US	8	1345	1
2026-09-13	FLIM: Disposable Camera	6786079629	1.5.2	iPhone	iOS 26.6	Web referrer	Product page	2026-09-05	US	13	438	1
2026-09-13	FLIM: Disposable Camera	6786079629	1.5.2	iPhone	iOS 26.6	Web referrer	Product page	2026-09-12	US	1	27	1
2026-09-15	FLIM: Disposable Camera	6786079629	1.5.2	iPhone	iOS 26.6	App Store search	Product page		US	11	1076	1
2026-09-15	FLIM: Disposable Camera	6786079629	1.5.2	iPhone	iOS 26.6	App referrer	Product page		US	2	289	2
2026-09-15	FLIM: Disposable Camera	6786079629	1.5.2	iPhone	iOS 26.6	App referrer	Product page	2026-08-29	US	1	36	1
2026-09-15	FLIM: Disposable Camera	6786079629	1.5.2	iPhone	iOS 26.6	App referrer	Store sheet	2026-09-11	US	1	8	1
2026-09-15	FLIM: Disposable Camera	6786079629	1.5.2	iPhone	iOS 26.6	Web referrer	Product page		US	1	93	1
2026-09-15	FLIM: Disposable Camera	6786079629	1.5.2	iPhone	iOS 26.6	Web referrer	Product page	2026-09-05	US	1	7	1
2026-09-15	FLIM: Disposable Camera	6786079629	1.5.2	iPhone	iOS 27.0	App referrer	Store sheet	2026-09-11	US	1	33	1
2026-09-14	FLIM: Disposable Camera	6786079629	1.5.1	iPhone	iOS 26.6	App referrer	Product page		US	1	8	1
2026-09-14	FLIM: Disposable Camera	6786079629	1.5.2	iPhone	iOS 26.6	App Store search	Product page		US	11	1081	1
2026-09-14	FLIM: Disposable Camera	6786079629	1.5.2	iPhone	iOS 26.6	App referrer	Product page		US	4	378	1
2026-09-14	FLIM: Disposable Camera	6786079629	1.5.2	iPhone	iOS 26.6	App referrer	Product page	2026-08-29	US	1	31	1
2026-09-14	FLIM: Disposable Camera	6786079629	1.5.2	iPhone	iOS 26.6	App referrer	Store sheet	2026-09-10	US	1	132	1
2026-09-14	FLIM: Disposable Camera	6786079629	1.5.2	iPhone	iOS 26.6	App referrer	Store sheet	2026-09-11	US	1	10	1
2026-09-14	FLIM: Disposable Camera	6786079629	1.5.2	iPhone	iOS 26.6	Web referrer	Product page		US	1	1	1
2026-09-14	FLIM: Disposable Camera	6786079629	1.5.2	iPhone	iOS 26.6	Web referrer	Product page	2026-08-16	US	1	35	1
2026-09-14	FLIM: Disposable Camera	6786079629	1.5.2	iPhone	iOS 26.6	Web referrer	Product page	2026-09-05	US	12	326	1
2026-09-11	FLIM: Disposable Camera	6786079629	1.5.1	iPhone	iOS 18.7	App referrer	Product page	2026-08-14	US	1	2	1
2026-09-11	FLIM: Disposable Camera	6786079629	1.5.1	iPhone	iOS 26.5	App Store search	No page	2026-08-13	US	1	4	1
2026-09-11	FLIM: Disposable Camera	6786079629	1.5.1	iPhone	iOS 26.5	App Store search	Product page	2026-08-13	US	2	4	1
2026-09-11	FLIM: Disposable Camera	6786079629	1.5.1	iPhone	iOS 26.5	App referrer	Product page		US	1	23	1
2026-09-11	FLIM: Disposable Camera	6786079629	1.5.1	iPhone	iOS 26.6	App referrer	Product page		US	10	315	1
2026-09-11	FLIM: Disposable Camera	6786079629	1.5.1	iPhone	iOS 26.6	App referrer	Product page	2026-08-29	US	1	31	1
2026-09-11	FLIM: Disposable Camera	6786079629	1.5.1	iPhone	iOS 26.6	Web referrer	Product page		US	1	205	1
2026-09-11	FLIM: Disposable Camera	6786079629	1.5.1	iPhone	iOS 26.6	Web referrer	Product page	2026-08-16	US	1	3	1
2026-09-11	FLIM: Disposable Camera	6786079629	1.5.1	iPhone	iOS 26.6	Web referrer	Product page	2026-09-05	US	6	78	1
2026-09-11	FLIM: Disposable Camera	6786079629	1.5.2	iPhone	iOS 18.7	App referrer	Product page	2026-08-14	US	1	123	1
2026-09-11	FLIM: Disposable Camera	6786079629	1.5.2	iPhone	iOS 26.5	App Store search	Product page	2026-08-13	US	2	157	1
2026-09-11	FLIM: Disposable Camera	6786079629	1.5.2	iPhone	iOS 26.6	App referrer	Store sheet	2026-09-10	US	1	15	1
2026-09-11	FLIM: Disposable Camera	6786079629	1.5.2	iPhone	iOS 26.6	App referrer	Store sheet	2026-09-11	US	9	401	2
2026-09-11	FLIM: Disposable Camera	6786079629	1.5.2	iPhone	iOS 26.6	Web referrer	Product page	2026-08-16	US	1	44	1
2026-09-11	FLIM: Disposable Camera	6786079629	1.5.2	iPhone	iOS 26.6	Web referrer	Product page	2026-09-05	US	5	222	1
2026-09-11	FLIM: Disposable Camera	6786079629	1.5.2	iPhone	iOS 27.0	App referrer	Store sheet	2026-09-11	US	12	202	1
2026-09-14	FLIM: Disposable Camera	6786079629	1.5.2	iPhone	iOS 26.5	App Store search	No page		US	1	27	1
2026-09-16	FLIM: Disposable Camera	6786079629	1.5.2	iPhone	iOS 26.5	App Store search	No page		US	2	12	1
2026-09-16	FLIM: Disposable Camera	6786079629	1.5.2	iPhone	iOS 26.6	App referrer	Product page	2026-08-29	US	5	208	1
2026-09-16	FLIM: Disposable Camera	6786079629	1.5.2	iPhone	iOS 26.6	App referrer	Store sheet	2026-09-11	US	1	2	1
2026-09-16	FLIM: Disposable Camera	6786079629	1.5.2	iPhone	iOS 26.6	Web referrer	Product page		US	2	343	1
2026-09-16	FLIM: Disposable Camera	6786079629	1.5.2	iPhone	iOS 26.6	Web referrer	Product page	2026-09-05	US	1	2	1
2026-09-16	FLIM: Disposable Camera	6786079629	1.5.2	iPhone	iOS 27.0	App referrer	Store sheet	2026-09-10	US	1	2	1
2026-09-16	FLIM: Disposable Camera	6786079629	1.5.3	iPhone	iOS 26.5	App Store search	No page		US	1	79	1
2026-09-16	FLIM: Disposable Camera	6786079629	1.5.3	iPhone	iOS 26.6	App referrer	Product page	2026-08-29	US	3	747	1
2026-09-16	FLIM: Disposable Camera	6786079629	1.5.3	iPhone	iOS 26.6	App referrer	Store sheet	2026-09-11	US	1	21	1
2026-09-16	FLIM: Disposable Camera	6786079629	1.5.3	iPhone	iOS 26.6	Web referrer	Product page	2026-09-05	US	1	31	1
2026-09-16	FLIM: Disposable Camera	6786079629	1.5.3	iPhone	iOS 27.0	App referrer	Store sheet	2026-09-10	US	1	31	1
2026-09-15	FLIM: Disposable Camera	6786079629	1.5.2	iPhone	iOS 26.5	App Store search	No page		US	6	2243	1
2026-09-15	FLIM: Disposable Camera	6786079629	1.5.2	iPhone	iOS 26.6	App Store search	Product page		US	14	1301	1
2026-09-15	FLIM: Disposable Camera	6786079629	1.5.2	iPhone	iOS 26.6	App referrer	Product page		US	3	436	2
2026-09-15	FLIM: Disposable Camera	6786079629	1.5.2	iPhone	iOS 26.6	App referrer	Product page	2026-08-29	US	19	592	1
2026-09-15	FLIM: Disposable Camera	6786079629	1.5.2	iPhone	iOS 26.6	App referrer	Store sheet	2026-09-11	US	3	28	2
2026-09-15	FLIM: Disposable Camera	6786079629	1.5.2	iPhone	iOS 26.6	Web referrer	Product page	2026-09-05	US	9	825	1
2026-09-15	FLIM: Disposable Camera	6786079629	1.5.3	iPhone	iOS 26.6	App referrer	Product page	2026-09-15	US	4	251	1
2026-09-16	FLIM: Disposable Camera	6786079629	1.5.2	iPhone	iOS 26.6	App referrer	Product page		US	2	80	1
2026-09-16	FLIM: Disposable Camera	6786079629	1.5.3	iPhone	iOS 26.6	App Store search	Product page		US	1	49	1
2026-09-16	FLIM: Disposable Camera	6786079629	1.5.3	iPhone	iOS 26.6	Web referrer	Product page	2026-09-05	US	2	66	1
2026-09-16	FLIM: Disposable Camera	6786079629	1.5.3	iPhone	iOS 26.6	App referrer	Product page	2026-08-29	US	4	813	1
2026-09-18	FLIM: Disposable Camera	6786079629	1.5.3	iPhone	iOS 26.5	App Store search	No page		US	2	78	1
2026-09-18	FLIM: Disposable Camera	6786079629	1.5.3	iPhone	iOS 26.5	App referrer	Product page	2026-09-18	US	1	28	1
2026-09-18	FLIM: Disposable Camera	6786079629	1.5.3	iPhone	iOS 26.6	App Store search	Product page		US	4	992	1
2026-09-18	FLIM: Disposable Camera	6786079629	1.5.3	iPhone	iOS 26.6	App referrer	Product page	2026-08-29	US	1	81	1
2026-09-18	FLIM: Disposable Camera	6786079629	1.5.3	iPhone	iOS 26.6	App referrer	Store sheet	2026-09-11	US	2	14	2
2026-09-18	FLIM: Disposable Camera	6786079629	1.5.3	iPhone	iOS 26.6	Web referrer	Product page	2026-09-05	US	1	45	1
2026-09-18	FLIM: Disposable Camera	6786079629	1.5.3	iPhone	iOS 27.0	App referrer	Store sheet	2026-09-10	US	1	27	1
2026-09-18	FLIM: Disposable Camera	6786079629	1.5.3	iPhone	iOS 27.0	App referrer	Store sheet	2026-09-18	US	4	227	1
2026-09-17	FLIM: Disposable Camera	6786079629	1.5.2	iPhone	iOS 26.6	Web referrer	Product page		US	1	3	1
2026-09-17	FLIM: Disposable Camera	6786079629	1.5.3	iPhone	iOS 18.7	App referrer	Product page		US	1	107	1
2026-09-17	FLIM: Disposable Camera	6786079629	1.5.3	iPhone	iOS 26.5	App Store search	No page		US	7	262	1
2026-09-17	FLIM: Disposable Camera	6786079629	1.5.3	iPhone	iOS 26.6	App referrer	Product page		US	1	23	1
2026-09-17	FLIM: Disposable Camera	6786079629	1.5.3	iPhone	iOS 26.6	App referrer	Product page	2026-08-29	US	1	1	1
2026-09-17	FLIM: Disposable Camera	6786079629	1.5.3	iPhone	iOS 26.6	App referrer	Store sheet		US	1	2225	1
2026-09-17	FLIM: Disposable Camera	6786079629	1.5.3	iPhone	iOS 26.6	App referrer	Store sheet	2026-09-11	US	2	34	2
2026-09-17	FLIM: Disposable Camera	6786079629	1.5.3	iPhone	iOS 26.6	Web referrer	Product page		US	2	542	1
2026-09-17	FLIM: Disposable Camera	6786079629	1.5.3	iPhone	iOS 26.6	Web referrer	Product page	2026-09-05	US	5	167	1
2026-09-18	FLIM: Disposable Camera	6786079629	1.5.3	iPhone	iOS 26.0	App Store search	Product page	2026-09-18	US	1	13	1
2026-09-18	FLIM: Disposable Camera	6786079629	1.5.3	iPhone	iOS 26.6	App referrer	Product page		US	9	372	1
2026-09-18	FLIM: Disposable Camera	6786079629	1.5.3	iPhone	iOS 26.6	App referrer	Product page	2026-08-29	US	2	110	1
2026-09-18	FLIM: Disposable Camera	6786079629	1.5.3	iPhone	iOS 26.6	Web referrer	Product page	2026-09-05	US	5	317	1
2026-09-19	FLIM: Disposable Camera	6786079629	1.5.3	iPhone	iOS 26.5	App referrer	Store sheet	2026-09-19	US	10	617	1
2026-09-19	FLIM: Disposable Camera	6786079629	1.5.3	iPhone	iOS 26.6	App Store search	Product page		US	2	104	1
2026-09-19	FLIM: Disposable Camera	6786079629	1.5.3	iPhone	iOS 26.6	App referrer	Product page		US	2	81	2
2026-09-19	FLIM: Disposable Camera	6786079629	1.5.3	iPhone	iOS 26.6	App referrer	Store sheet	2026-09-11	US	1	9	1
2026-09-19	FLIM: Disposable Camera	6786079629	1.5.3	iPhone	iOS 26.6	Web referrer	Product page		US	2	1272	1
2026-09-19	FLIM: Disposable Camera	6786079629	1.5.3	iPhone	iOS 26.6	Web referrer	Product page	2026-09-05	US	2	126	1
2026-09-19	FLIM: Disposable Camera	6786079629	1.5.3	iPhone	iOS 27.0	App referrer	Store sheet	2026-09-10	US	3	188	1
2026-09-19	FLIM: Disposable Camera	6786079629	1.5.3	iPhone	iOS 27.0	App referrer	Store sheet	2026-09-18	US	1	37	1
2026-09-20	FLIM: Disposable Camera	6786079629	1.5.3	iPhone	iOS 26.6	App referrer	Product page		US	2	190	1
2026-09-20	FLIM: Disposable Camera	6786079629	1.5.3	iPhone	iOS 26.6	App referrer	Product page	2026-08-29	US	14	1717	1
2026-09-20	FLIM: Disposable Camera	6786079629	1.5.3	iPhone	iOS 26.6	App referrer	Store sheet	2026-09-11	US	1	21	1
2026-09-20	FLIM: Disposable Camera	6786079629	1.5.3	iPhone	iOS 26.6	Web referrer	Product page		US	2	60	2
2026-09-20	FLIM: Disposable Camera	6786079629	1.5.3	iPhone	iOS 26.6	Web referrer	Product page	2026-09-05	US	6	316	1
2026-09-20	FLIM: Disposable Camera	6786079629	1.5.3	iPhone	iOS 27.0	App referrer	Store sheet	2026-09-10	US	1	31	1
2026-09-19	FLIM: Disposable Camera	6786079629	1.5.3	iPhone	iOS 26.6	App referrer	Product page	2026-08-29	US	1	42	1
2026-09-19	FLIM: Disposable Camera	6786079629	1.5.3	iPhone	iOS 26.6	Web referrer	Product page		US	4	1437	2
2026-09-19	FLIM: Disposable Camera	6786079629	1.5.3	iPhone	iOS 26.6	Web referrer	Product page	2026-09-05	US	4	472	1
2026-09-21	FLIM: Disposable Camera	6786079629	1.5.3	iPhone	iOS 26.6	App Store search	Product page		US	11	310	1
2026-09-21	FLIM: Disposable Camera	6786079629	1.5.3	iPhone	iOS 26.6	App referrer	Product page		US	5	1027	2
2026-09-21	FLIM: Disposable Camera	6786079629	1.5.3	iPhone	iOS 26.6	App referrer	Product page	2026-08-29	US	1	131	1
2026-09-21	FLIM: Disposable Camera	6786079629	1.5.3	iPhone	iOS 27.0	App referrer	Store sheet	2026-09-10	US	1	142	1
2026-09-20	FLIM: Disposable Camera	6786079629	1.5.3	iPhone	iOS 26.6	App Store search	Product page		US	49	8421	1
2026-09-20	FLIM: Disposable Camera	6786079629	1.5.3	iPhone	iOS 26.6	App referrer	Product page	2026-08-29	US	16	1777	1
2026-09-20	FLIM: Disposable Camera	6786079629	1.5.3	iPhone	iOS 26.6	Web referrer	Product page		US	3	76	3
2026-09-19	FLIM: Disposable Camera	6786079629	1.5.3	iPhone	iOS 26.6	Web referrer	Product page		US	5	1478	3
2026-09-22	FLIM: Disposable Camera	6786079629	1.5.3	iPhone	iOS 26.5	App referrer	Product page		US	2	229	1
2026-09-22	FLIM: Disposable Camera	6786079629	1.5.3	iPhone	iOS 26.6	App Store search	Product page		US	1	343	1
2026-09-22	FLIM: Disposable Camera	6786079629	1.5.3	iPhone	iOS 26.6	App referrer	Product page		US	9	416	2
2026-09-22	FLIM: Disposable Camera	6786079629	1.5.3	iPhone	iOS 26.6	App referrer	Product page	2026-08-29	US	2	136	1
2026-09-22	FLIM: Disposable Camera	6786079629	1.5.3	iPhone	iOS 26.6	Web referrer	Product page		US	3	178	2
2026-09-22	FLIM: Disposable Camera	6786079629	1.5.3	iPhone	iOS 26.6	Web referrer	Product page	2026-09-05	US	3	56	1
2026-09-21	FLIM: Disposable Camera	6786079629	1.5.3	iPhone	iOS 26.6	App Store search	Product page		US	12	311	1
2026-09-21	FLIM: Disposable Camera	6786079629	1.5.3	iPhone	iOS 26.6	App referrer	Product page		US	7	1118	2
2026-09-21	FLIM: Disposable Camera	6786079629	1.5.3	iPhone	iOS 26.6	Web referrer	Product page		US	4	243	1
2026-09-21	FLIM: Disposable Camera	6786079629	1.5.3	iPhone	iOS 26.6	Web referrer	Product page	2026-09-05	US	5	120	1
2026-09-21	FLIM: Disposable Camera	6786079629	1.5.3	iPhone	iOS 27.0	App referrer	Product page	2026-09-15	US	1	58	1
2026-09-20	FLIM: Disposable Camera	6786079629	1.5.3	iPhone	iOS 26.6	Web referrer	Product page	2026-09-05	US	10	455	1
2026-09-23	FLIM: Disposable Camera	6786079629	1.5.3	iPhone	iOS 26.5	App referrer	Store sheet	2026-09-19	US	12	1168	1
2026-09-23	FLIM: Disposable Camera	6786079629	1.5.3	iPhone	iOS 26.6	App referrer	Product page		US	4	401	1
2026-09-23	FLIM: Disposable Camera	6786079629	1.5.3	iPhone	iOS 26.6	App referrer	Product page	2026-08-29	US	3	431	1
2026-09-23	FLIM: Disposable Camera	6786079629	1.5.3	iPhone	iOS 26.6	App referrer	Store sheet	2026-09-11	US	1	9	1
2026-09-23	FLIM: Disposable Camera	6786079629	1.5.3	iPhone	iOS 26.6	Web referrer	Product page	2026-09-05	US	1	18	1
2026-09-23	FLIM: Disposable Camera	6786079629	1.5.3	iPhone	iOS 27.0	App referrer	Store sheet	2026-09-11	US	1	7	1
2026-09-22	FLIM: Disposable Camera	6786079629	1.5.3	iPhone	iOS 26.6	App referrer	Product page	2026-08-29	US	6	177	1
2026-09-23	FLIM: Disposable Camera	6786079629	1.5.3	iPhone	iOS 26.5	App Store search	No page		US	1	294	1
2026-09-23	FLIM: Disposable Camera	6786079629	1.5.3	iPhone	iOS 26.5	App referrer	Store sheet	2026-09-19	US	13	1224	1
2026-09-23	FLIM: Disposable Camera	6786079629	1.5.3	iPhone	iOS 26.6	App Store search	Product page		US	1	1	1
2026-09-23	FLIM: Disposable Camera	6786079629	1.5.3	iPhone	iOS 26.6	App referrer	Product page		US	6	574	2
2026-09-23	FLIM: Disposable Camera	6786079629	1.5.3	iPhone	iOS 26.6	App referrer	Product page	2026-08-29	US	6	612	1
2026-09-23	FLIM: Disposable Camera	6786079629	1.5.3	iPhone	iOS 26.6	Web referrer	Product page	2026-09-05	US	9	263	1
2026-09-21	FLIM: Disposable Camera	6786079629	1.5.3	iPhone	iOS 26.5	App Store search	No page		US	4	265	1
2026-09-24	FLIM: Disposable Camera	6786079629	1.5.3	iPhone	iOS 26.5	App Store search	No page		US	1	18	1
2026-09-24	FLIM: Disposable Camera	6786079629	1.5.3	iPhone	iOS 26.5	App referrer	Store sheet	2026-09-19	US	6	536	1
2026-09-24	FLIM: Disposable Camera	6786079629	1.5.3	iPhone	iOS 26.6	App referrer	Product page	2026-08-29	US	5	222	1
2026-09-24	FLIM: Disposable Camera	6786079629	1.5.3	iPhone	iOS 26.6	App referrer	Store sheet		US	2	244	1
2026-09-24	FLIM: Disposable Camera	6786079629	1.5.3	iPhone	iOS 26.6	App referrer	Store sheet	2026-09-11	US	1	1	1
2026-09-24	FLIM: Disposable Camera	6786079629	1.5.3	iPhone	iOS 26.6	Web referrer	Product page	2026-09-05	US	2	113	1
2026-09-20	FLIM: Disposable Camera	6786079629	1.5.3	iPhone	iOS 26.5	App Store search	No page		US	12	710	1
2026-09-22	FLIM: Disposable Camera	6786079629	1.5.3	iPhone	iOS 26.5	App Store search	No page		US	1	20	1
2026-09-22	FLIM: Disposable Camera	6786079629	1.5.3	iPhone	iOS 26.6	App referrer	Product page		US	12	512	3
2026-09-24	FLIM: Disposable Camera	6786079629	1.5.3	iPhone	iOS 26.6	App Store search	Product page		US	1	41	1
2026-09-24	FLIM: Disposable Camera	6786079629	1.5.3	iPhone	iOS 26.6	App referrer	Product page	2026-08-29	US	11	452	1
2026-09-24	FLIM: Disposable Camera	6786079629	1.5.3	iPhone	iOS 26.6	Web referrer	Product page	2026-09-05	US	6	190	1
2026-09-25	FLIM: Disposable Camera	6786079629	1.5.3	iPhone	iOS 26.6	App Store search	Product page		US	1	1	1
2026-09-25	FLIM: Disposable Camera	6786079629	1.5.3	iPhone	iOS 26.6	App referrer	Product page		US	12	730	1
2026-09-25	FLIM: Disposable Camera	6786079629	1.5.3	iPhone	iOS 26.6	App referrer	Product page	2026-08-29	US	1	1	1
2026-09-25	FLIM: Disposable Camera	6786079629	1.5.3	iPhone	iOS 26.6	Web referrer	Product page		US	1	80	1
2026-09-25	FLIM: Disposable Camera	6786079629	1.5.3	iPhone	iOS 26.6	Web referrer	Product page	2026-09-05	US	2	30	1
2026-09-25	FLIM: Disposable Camera	6786079629	1.5.3	iPhone	iOS 27.0	App referrer	Store sheet	2026-09-10	US	1	76	1
2026-09-25	FLIM: Disposable Camera	6786079629	1.5.3	iPhone	iOS 27.0	Web referrer	Product page		US	1	1	1
2026-09-25	FLIM: Disposable Camera	6786079629	1.5.3	iPhone	iOS 26.5	App referrer	Product page	2026-08-26	US	1	101	1
2026-09-25	FLIM: Disposable Camera	6786079629	1.5.3	iPhone	iOS 26.6	App referrer	Product page	2026-08-29	US	37	1916	1
2026-09-25	FLIM: Disposable Camera	6786079629	1.5.3	iPhone	iOS 26.6	App referrer	Store sheet	2026-09-11	US	1	1	1
2026-09-25	FLIM: Disposable Camera	6786079629	1.5.3	iPhone	iOS 26.6	Web referrer	Product page	2026-09-05	US	3	53	1
2026-09-26	FLIM: Disposable Camera	6786079629	1.5.3	iPhone	iOS 26.5	App referrer	Product page		US	1	115	1
2026-09-26	FLIM: Disposable Camera	6786079629	1.5.3	iPhone	iOS 26.6	App referrer	Product page		US	24	1344	1
2026-09-26	FLIM: Disposable Camera	6786079629	1.5.3	iPhone	iOS 26.6	App referrer	Product page	2026-08-29	US	7	524	1
2026-09-26	FLIM: Disposable Camera	6786079629	1.5.3	iPhone	iOS 26.6	App referrer	Store sheet		US	1	67	1
2026-09-26	FLIM: Disposable Camera	6786079629	1.5.3	iPhone	iOS 26.6	App referrer	Store sheet	2026-09-11	US	1	1	1
2026-09-26	FLIM: Disposable Camera	6786079629	1.5.3	iPhone	iOS 26.6	Web referrer	Product page		US	4	247	1
2026-09-26	FLIM: Disposable Camera	6786079629	1.5.3	iPhone	iOS 26.6	Web referrer	Product page	2026-09-05	US	15	1470	1
2026-09-26	FLIM: Disposable Camera	6786079629	1.5.3	iPhone	iOS 26.6	Web referrer	Product page	2026-09-26	US	6	108	1
2026-09-26	FLIM: Disposable Camera	6786079629	1.5.3	iPhone	iOS 27.0	App Store browse	Product page	2026-09-26	CN	4	91	1
2026-09-26	FLIM: Disposable Camera	6786079629	1.5.3	iPhone	iOS 26.5	App referrer	Store sheet	2026-09-19	US	1	25	1
2026-09-26	FLIM: Disposable Camera	6786079629	1.5.3	iPhone	iOS 26.6	App Store search	Product page		US	2	130	1
2026-09-26	FLIM: Disposable Camera	6786079629	1.5.3	iPhone	iOS 26.6	App referrer	Product page		US	26	1390	2
2026-09-26	FLIM: Disposable Camera	6786079629	1.5.3	iPhone	iOS 26.6	App referrer	Store sheet	2026-09-11	US	2	16	1
2026-09-26	FLIM: Disposable Camera	6786079629	1.5.3	iPhone	iOS 26.6	Web referrer	Product page	2026-09-05	US	18	1617	1
2026-09-27	FLIM: Disposable Camera	6786079629	1.5.3	iPhone	iOS 26.5	App referrer	Store sheet	2026-09-19	US	2	82	1
2026-09-27	FLIM: Disposable Camera	6786079629	1.5.3	iPhone	iOS 26.6	App Store search	Product page		US	3	439	1
2026-09-27	FLIM: Disposable Camera	6786079629	1.5.3	iPhone	iOS 26.6	App referrer	Product page		US	12	709	1
2026-09-27	FLIM: Disposable Camera	6786079629	1.5.3	iPhone	iOS 26.6	App referrer	Product page	2026-08-29	US	1	348	1
2026-09-27	FLIM: Disposable Camera	6786079629	1.5.3	iPhone	iOS 26.6	Web referrer	Product page		US	6	1335	1
2026-09-27	FLIM: Disposable Camera	6786079629	1.5.3	iPhone	iOS 26.6	Web referrer	Product page	2026-09-05	US	4	810	1
2026-09-27	FLIM: Disposable Camera	6786079629	1.5.3	iPhone	iOS 26.5	App referrer	Store sheet	2026-09-19	US	3	121	1
2026-09-27	FLIM: Disposable Camera	6786079629	1.5.3	iPhone	iOS 26.6	App Store search	Product page		US	4	440	1
2026-09-27	FLIM: Disposable Camera	6786079629	1.5.3	iPhone	iOS 26.6	App referrer	Product page	2026-08-29	US	2	443	1
2026-09-27	FLIM: Disposable Camera	6786079629	1.5.3	iPhone	iOS 26.6	App referrer	Store sheet	2026-09-11	US	1	1	1
2026-09-27	FLIM: Disposable Camera	6786079629	1.5.3	iPhone	iOS 26.6	Web referrer	Product page		US	8	1356	1
2026-09-27	FLIM: Disposable Camera	6786079629	1.5.3	iPhone	iOS 26.6	Web referrer	Product page	2026-09-05	US	5	851	1
2026-09-28	FLIM: Disposable Camera	6786079629	1.5.3	iPhone	iOS 26.5	App referrer	Store sheet	2026-09-19	US	2	52	1
2026-09-28	FLIM: Disposable Camera	6786079629	1.5.3	iPhone	iOS 26.6	App referrer	Product page		US	1	252	1
2026-09-28	FLIM: Disposable Camera	6786079629	1.5.3	iPhone	iOS 26.6	App referrer	Product page	2026-08-29	US	2	68	1
2026-09-28	FLIM: Disposable Camera	6786079629	1.5.3	iPhone	iOS 26.6	App referrer	Store sheet	2026-09-11	US	1	2	1
2026-09-28	FLIM: Disposable Camera	6786079629	1.5.3	iPhone	iOS 26.6	Web referrer	Product page		US	8	641	2
2026-09-28	FLIM: Disposable Camera	6786079629	1.5.3	iPhone	iOS 26.6	Web referrer	Product page	2026-09-05	US	3	252	1
2026-09-29	FLIM: Disposable Camera	6786079629	1.5.3	iPhone	iOS 26.5	App Store search	No page		US	1	2	1
2026-09-29	FLIM: Disposable Camera	6786079629	1.5.3	iPhone	iOS 26.5	App referrer	Store sheet	2026-09-19	US	2	105	1
2026-09-29	FLIM: Disposable Camera	6786079629	1.5.3	iPhone	iOS 26.6	App Store search	Product page		US	1	36	1
2026-09-29	FLIM: Disposable Camera	6786079629	1.5.3	iPhone	iOS 26.6	App referrer	Product page		US	3	118	1
2026-09-29	FLIM: Disposable Camera	6786079629	1.5.3	iPhone	iOS 26.6	App referrer	Product page	2026-09-29	US	6	173	1
2026-09-29	FLIM: Disposable Camera	6786079629	1.5.3	iPhone	iOS 26.6	Web referrer	Product page		US	1	124	1
2026-09-29	FLIM: Disposable Camera	6786079629	1.5.3	iPhone	iOS 26.6	Web referrer	Product page	2026-09-05	US	2	22	1
2026-09-29	FLIM: Disposable Camera	6786079629	1.5.3	iPhone	iOS 26.6	Web referrer	Product page	2026-09-26	US	1	2	1
2026-09-29	FLIM: Disposable Camera	6786079629	1.6.0	iPhone	iOS 26.5	App referrer	Store sheet	2026-09-19	US	1	50	1
2026-09-28	FLIM: Disposable Camera	6786079629	1.5.3	iPhone	iOS 26.5	App Store search	No page		US	1	85	1
2026-09-28	FLIM: Disposable Camera	6786079629	1.5.3	iPhone	iOS 26.5	App referrer	Store sheet	2026-09-19	US	8	147	1
2026-09-28	FLIM: Disposable Camera	6786079629	1.5.3	iPhone	iOS 26.6	App referrer	Product page	2026-08-29	US	3	134	1
2026-09-28	FLIM: Disposable Camera	6786079629	1.5.3	iPhone	iOS 26.6	Web referrer	Product page		US	9	654	2
2026-09-28	FLIM: Disposable Camera	6786079629	1.5.3	iPhone	iOS 26.6	Web referrer	Product page	2026-09-05	US	4	287	1
2026-09-29	FLIM: Disposable Camera	6786079629	1.5.3	iPhone	iOS 26.6	App Store search	Product page		US	2	37	1
2026-09-29	FLIM: Disposable Camera	6786079629	1.5.3	iPhone	iOS 27.0	App referrer	Store sheet	2026-09-11	US	1	1	1
2026-09-29	FLIM: Disposable Camera	6786079629	1.6.0	iPhone	iOS 26.5	App referrer	Store sheet	2026-09-19	US	2	239	1
2026-09-29	FLIM: Disposable Camera	6786079629	1.6.0	iPhone	iOS 26.6	App Store search	Product page		US	1	36	1
2026-09-29	FLIM: Disposable Camera	6786079629	1.6.0	iPhone	iOS 26.6	Web referrer	Product page	2026-09-05	US	1	65	1
2026-10-01	FLIM: Disposable Camera	6786079629	1.6.0	iPhone	iOS 26.5	App referrer	Store sheet	2026-09-19	US	2	205	1
2026-10-01	FLIM: Disposable Camera	6786079629	1.6.0	iPhone	iOS 26.6	App Store search	Product page		US	1	9	1
2026-10-01	FLIM: Disposable Camera	6786079629	1.6.0	iPhone	iOS 26.6	App referrer	Product page		US	1	56	1
2026-10-01	FLIM: Disposable Camera	6786079629	1.6.1	iPhone	iOS 26.6	App Store search	Product page	2026-10-01	US	2	28	1
2026-10-01	FLIM: Disposable Camera	6786079629	1.6.1	iPhone	iOS 26.6	App referrer	Product page	2026-09-29	US	2	142	1
2026-09-30	FLIM: Disposable Camera	6786079629	1.5.3	iPhone	iOS 26.6	App referrer	Product page		US	4	132	1
2026-09-30	FLIM: Disposable Camera	6786079629	1.5.3	iPhone	iOS 26.6	App referrer	Product page	2026-09-29	US	3	195	1
2026-09-30	FLIM: Disposable Camera	6786079629	1.5.3	iPhone	iOS 26.6	Web referrer	Product page		US	1	554	1
2026-09-30	FLIM: Disposable Camera	6786079629	1.6.0	iPhone	iOS 26.5	App Store search	No page		US	1	2	1
2026-09-30	FLIM: Disposable Camera	6786079629	1.6.0	iPhone	iOS 26.5	App referrer	Store sheet	2026-09-19	US	2	135	1
2026-09-30	FLIM: Disposable Camera	6786079629	1.6.0	iPhone	iOS 26.6	App Store search	Product page		US	2	89	1
2026-09-30	FLIM: Disposable Camera	6786079629	1.6.0	iPhone	iOS 26.6	Web referrer	Product page	2026-09-05	US	4	120	1
2026-09-30	FLIM: Disposable Camera	6786079629	1.6.0	iPhone	iOS 27.0	App referrer	Store sheet	2026-09-11	US	1	7	1
2026-09-30	FLIM: Disposable Camera	6786079629	1.6.1	iPhone	iOS 26.5	App Store search	No page		US	2	4	1
2026-09-27	FLIM: Disposable Camera	6786079629	1.5.3	iPhone	iOS 26.6	App referrer	Product page		US	24	1764	2
2026-09-28	FLIM: Disposable Camera	6786079629	1.5.3	iPhone	iOS 26.6	App referrer	Product page		US	5	717	2
2026-10-02	FLIM: Disposable Camera	6786079629	1.6.1	iPhone	iOS 18.6	App referrer	Product page	2026-10-02	JM	1	26	1
2026-10-02	FLIM: Disposable Camera	6786079629	1.6.1	iPhone	iOS 26.5	App Store search	No page		US	3	475	1
2026-10-02	FLIM: Disposable Camera	6786079629	1.6.1	iPhone	iOS 26.5	App referrer	Product page	2026-10-02	JP	3	100	1
2026-10-02	FLIM: Disposable Camera	6786079629	1.6.1	iPhone	iOS 26.6	App referrer	Product page	2026-09-29	US	3	332	1
2026-10-02	FLIM: Disposable Camera	6786079629	1.6.1	iPhone	iOS 26.6	Web referrer	Product page	2026-09-05	US	3	320	1
2026-10-01	FLIM: Disposable Camera	6786079629	1.6.0	iPhone	iOS 26.6	App referrer	Product page		US	2	126	2
2026-10-01	FLIM: Disposable Camera	6786079629	1.6.1	iPhone	iOS 26.6	Web referrer	Product page	2026-09-05	US	2	74	1
